token_id	speaker	tu_id	span	form	type	variation	jefferson_feats	align	prolongations	pace	guesses	overlaps
0-0	BO021	0	d'	d'	linguistic	none	SpaceAfter=No	Begin=0.2	_	_	_	_
0-1	BO021	0	istruzioni	istruzioni	linguistic	none	_	_	_	_	_	_
0-2	BO021	0	va	va	linguistic	none	_	End=1.279	_	_	_	_
1-0	BO072	1	guarda	guarda	linguistic	none	_	Begin=1.279|End=2.142	_	_	_	_
2-0	BO072	2	che	che	linguistic	none	_	Begin=2.26	_	_	_	_
2-1	BO072	2	programma	programma	linguistic	none	_	_	_	_	_	_
2-2	BO072	2	è?	è	linguistic	none	Intonation=rising	End=3.336	_	_	_	_
3-0	BO071	3	si	si	linguistic	none	_	Begin=3.824	_	_	_	_
3-1	BO071	3	chiama	chiama	linguistic	none	_	_	_	_	_	_
3-2	BO071	3	mh::	mh	linguistic	none	_	_	1x2	_	_	_
3-3	BO071	3	zoom	zoom	linguistic	none	_	_	_	_	_	_
3-4	BO071	3	and	and	linguistic	none	_	_	_	_	_	_
3-5	BO071	3	rec[ord]	record	linguistic	none	_	End=7.409	_	_	_	3-6(0)
4-0	BO072	4	[si]	si	linguistic	none	_	Begin=7.129	_	_	_	0-2(0)
4-1	BO072	4	chiama	chiama	linguistic	none	_	_	_	_	_	_
4-2	BO072	4	u	u	linguistic	none	_	_	_	_	_	_
4-3	BO072	4	settecento	settecento	linguistic	none	_	_	_	_	_	_
4-4	BO072	4	settanta	settanta	linguistic	none	_	_	_	_	_	_
4-5	BO072	4	sette?	sette	linguistic	none	Intonation=rising	End=9.026	_	_	_	_
5-0	BO071	5	no.	no	linguistic	none	Intonation=falling	Begin=9.035|End=9.387	_	_	_	_
6-0	BO072	6	perché	perché	linguistic	none	_	Begin=9.39	_	_	_	_
6-1	BO072	6	dovrebbe	dovrebbe	linguistic	none	_	_	_	_	_	_
6-2	BO072	6	chiamarsi	chiamarsi	linguistic	none	_	_	_	_	_	_
6-3	BO072	6	u	u	linguistic	none	_	_	_	_	_	_
6-4	BO072	6	settecento	settecento	linguistic	none	_	_	_	_	_	_
6-5	BO072	6	settanta	settanta	linguistic	none	_	_	_	_	_	_
6-6	BO072	6	sette?	sette	linguistic	none	Intonation=rising	End=12.065	_	_	_	_
7-0	BO021	7	per	per	linguistic	none	_	Begin=12.065	_	_	_	_
7-1	BO021	7	quale	quale	linguistic	none	_	_	_	_	_	_
7-2	BO021	7	motivo?	motivo	linguistic	none	Intonation=rising	End=13.358	_	_	_	_
8-0	BO071	8	come	come	linguistic	none	_	Begin=13.46	_	_	_	_
8-1	BO071	8	per	per	linguistic	none	_	_	_	_	_	_
8-2	BO071	8	quale	quale	linguistic	none	_	_	_	_	_	_
8-3	BO071	8	motivo?	motivo	linguistic	none	Intonation=rising	End=14.786	_	_	_	_
9-0	BO071	9	perché?	perché	linguistic	none	Intonation=rising	Begin=14.82|End=15.52	_	_	_	_
10-0	BO072	10	non	non	linguistic	none	_	Begin=15.659	_	_	_	_
10-1	BO072	10	lo	lo	linguistic	none	_	_	_	_	_	_
10-2	BO072	10	so	so	linguistic	none	_	_	_	_	_	_
10-3	BO072	10	ma	ma	linguistic	none	_	_	_	_	_	_
10-4	BO072	10	io	io	linguistic	none	_	_	_	_	_	_
10-5	BO072	10	lo	lo	linguistic	none	_	_	_	_	_	_
10-6	BO072	10	chiamerei	chiamerei	linguistic	none	_	_	_	_	_	_
10-7	BO072	10	u	u	linguistic	none	_	_	_	_	_	_
10-8	BO072	10	settecento	settecento	linguistic	none	_	_	_	_	_	_
10-9	BO072	10	settanta	settanta	linguistic	none	_	_	_	_	_	_
10-10	BO072	10	s[ette],	sette	linguistic	none	Intonation=weakly_rising	End=17.94	_	_	_	1-5(1)
11-0	BO071	11	[okay	okay	linguistic	none	_	Begin=17.623	_	_	_	0-4(1)
11-1	BO071	11	ad]esso	adesso	linguistic	none	_	_	_	_	_	0-2(1)
11-2	BO071	11	adesso	adesso	linguistic	none	_	_	_	_	_	_
11-3	BO071	11	ufficilamente	ufficilamente	linguistic	none	_	_	_	_	_	_
11-4	BO071	11	possiamo	possiamo	linguistic	none	_	_	_	_	_	_
11-5	BO071	11	sparare	sparare	linguistic	none	_	_	_	_	_	_
11-6	BO071	11	un	un	linguistic	none	_	_	_	_	_	_
11-7	BO071	11	sacco	sacco	linguistic	none	_	_	_	_	_	_
11-8	BO071	11	di	di	linguistic	none	_	_	_	_	_	_
11-9	BO071	11	puttantate,	puttantate	linguistic	none	Intonation=weakly_rising	End=21.28	_	_	_	_
12-0	BO071	12	che	che	linguistic	none	_	Begin=21.766	_	_	_	_
12-1	BO071	12	a~	a~	linguistic	none	Interrupted=Yes	_	_	_	_	_
12-2	BO071	12	e	e	linguistic	none	_	_	_	_	_	_
12-3	BO071	12	maria	maria	linguistic	none	_	_	_	_	_	_
12-4	BO071	12	potrà	potrà	linguistic	none	_	_	_	_	_	_
12-5	BO071	12	usarle	usarle	linguistic	none	_	_	_	_	_	_
12-6	BO071	12	contro	contro	linguistic	none	_	_	_	_	_	_
12-7	BO071	12	di	di	linguistic	none	_	_	_	_	_	_
12-8	BO071	12	noi	noi	linguistic	none	_	_	_	_	_	_
12-9	BO071	12	ufficial[mente],	ufficialmente	linguistic	none	Intonation=weakly_rising	End=24.723	_	_	_	8-13(2)
13-0	BO021	13	[si]::	si	linguistic	none	_	Begin=24.31|End=25.02	1x2	_	_	0-2(2)
14-0	BO071	14	eee	eee	linguistic	none	_	Begin=25.02|End=25.548	_	_	_	_
15-0	BO072	15	e:::	e	linguistic	none	_	Begin=26.356|End=27.045	0x3	_	_	_
16-0	BO071	16	ci	ci	linguistic	none	_	Begin=27.389	_	_	_	_
16-1	BO071	16	sarà	sarà	linguistic	none	_	_	_	_	_	_
16-2	BO071	16	un	un	linguistic	none	_	_	_	_	_	_
16-3	BO071	16	modo	modo	linguistic	none	_	_	_	_	_	_
16-4	BO071	16	per	per	linguistic	none	_	_	_	_	_	_
16-5	BO071	16	metterlo	metterlo	linguistic	none	_	_	_	_	_	_
16-6	BO071	16	un	un	linguistic	none	_	_	_	_	_	_
16-7	BO071	16	pochino	pochino	linguistic	none	_	_	_	_	_	_
16-8	BO071	16	più	più	linguistic	none	_	_	_	_	_	_
16-9	BO071	16	comodo,	comodo	linguistic	none	Intonation=weakly_rising	End=29.607	_	_	_	_
17-0	BO021	17	tu	tu	linguistic	none	_	Begin=29.607	_	_	_	_
17-1	BO021	17	in	in	linguistic	none	_	_	_	_	_	_
17-2	BO021	17	teoria	teoria	linguistic	none	_	_	_	_	_	_
17-3	BO021	17	me	me	linguistic	none	_	_	_	_	_	_
17-4	BO021	17	l'	l'	linguistic	none	SpaceAfter=No	_	_	_	_	_
17-5	BO021	17	hai	hai	linguistic	none	_	_	_	_	_	_
17-6	BO021	17	già	già	linguistic	none	_	_	_	_	_	_
17-7	BO021	17	firmata	firmata	linguistic	none	_	_	_	_	_	_
17-8	BO021	17	tu	tu	linguistic	none	_	_	_	_	_	_
17-9	BO021	17	me	me	linguistic	none	_	_	_	_	_	_
17-10	BO021	17	la	la	linguistic	none	_	_	_	_	_	_
17-11	BO021	17	devi	devi	linguistic	none	_	_	_	_	_	_
17-12	BO021	17	firmare,	firmare	linguistic	none	Intonation=weakly_rising	End=33.247	_	_	_	_
18-0	BO071	18	ma	ma	linguistic	none	_	Begin=33.247	_	_	_	_
18-1	BO071	18	io	io	linguistic	none	_	_	_	_	_	_
18-2	BO071	18	odio	odio	linguistic	none	_	_	_	_	_	_
18-3	BO071	18	firmare	firmare	linguistic	none	_	_	_	_	_	_
18-4	BO071	18	le	le	linguistic	none	_	_	_	_	_	_
18-5	BO071	18	cose	cose	linguistic	none	_	_	_	_	_	_
18-6	BO071	18	perché	perché	linguistic	none	_	_	_	_	_	_
18-7	BO071	18	c~	c~	linguistic	none	Interrupted=Yes	_	_	_	_	_
18-8	BO071	18	impone	impone	linguistic	none	_	_	_	_	_	_
18-9	BO071	18	che	che	linguistic	none	_	_	_	_	_	_
18-10	BO071	18	io	io	linguistic	none	_	_	_	_	_	_
18-11	BO071	18	devo	devo	linguistic	none	_	_	_	_	_	_
18-12	BO071	18	prendere	prendere	linguistic	none	_	_	_	_	_	_
18-13	BO071	18	un	un	linguistic	none	_	_	_	_	_	_
18-14	BO071	18	minimo	minimo	linguistic	none	_	_	_	_	_	_
18-15	BO071	18	di	di	linguistic	none	_	_	_	_	_	_
18-16	BO071	18	responsabilità	responsabilità	linguistic	none	_	_	_	_	_	_
18-17	BO071	18	anche	anche	linguistic	none	_	_	_	_	_	_
18-18	BO071	18	di	di	linguistic	none	_	_	_	_	_	_
18-19	BO071	18	me	me	linguistic	none	_	_	_	_	_	_
18-20	BO071	18	stesso	stesso	linguistic	none	_	_	_	_	_	_
18-21	BO071	18	e	e	linguistic	none	_	_	_	_	_	_
18-22	BO071	18	non	non	linguistic	none	_	_	_	_	_	_
18-23	BO071	18	ho	ho	linguistic	none	_	_	_	_	_	_
18-24	BO071	18	voglia,	voglia	linguistic	none	Intonation=weakly_rising	End=39.517	_	_	_	_
19-0	BO021	19	no	no	linguistic	none	_	Begin=39.617	_	_	_	_
19-1	BO021	19	ma	ma	linguistic	none	_	_	_	_	_	_
19-2	BO021	19	tranquillo	tranquillo	linguistic	none	_	_	_	_	_	_
19-3	BO021	19	dove	dove	linguistic	none	_	_	_	_	_	_
19-4	BO021	19	falliranno	falliranno	linguistic	none	_	_	_	_	_	_
19-5	BO021	19	le	le	linguistic	none	_	_	_	_	_	_
19-6	BO021	19	tue	tue	linguistic	none	_	_	_	_	_	_
19-7	BO021	19	responsabilità	responsabilità	linguistic	none	_	_	_	_	_	_
19-8	BO021	19	subentreranno	subentreranno	linguistic	none	_	_	_	_	_	_
19-9	BO021	19	quelle	quelle	linguistic	none	_	_	_	_	_	_
19-10	BO021	19	là	là	linguistic	none	_	End=44.746	_	_	_	_
20-0	BO021	20	prima	prima	linguistic	none	_	Begin=44.996	_	_	_	_
20-1	BO021	20	mia	mia	linguistic	none	_	_	_	_	_	_
20-2	BO021	20	e	e	linguistic	none	_	_	_	_	_	_
20-3	BO021	20	poi	poi	linguistic	none	_	_	_	_	_	_
20-4	BO021	20	di	di	linguistic	none	_	_	_	_	_	_
20-5	BO021	20	tutti	tutti	linguistic	none	_	_	_	_	_	_
20-6	BO021	20	quellì	quellì	linguistic	none	_	_	_	_	_	_
20-7	BO021	20	là	là	linguistic	none	_	_	_	_	_	_
20-8	BO021	20	dopo	dopo	linguistic	none	_	_	_	_	_	_
20-9	BO021	20	di	di	linguistic	none	_	_	_	_	_	_
20-10	BO021	20	me.	me	linguistic	none	Intonation=falling	End=47.316	_	_	_	_
21-0	BO021	21	non	non	linguistic	none	_	Begin=48.635	_	_	_	_
21-1	BO021	21	faremo	faremo	linguistic	none	_	_	_	_	_	_
21-2	BO021	21	(.)	[PAUSE]	shortpause	none	_	_	_	_	_	_
21-3	BO021	21	no:n	non	linguistic	none	_	_	1x1	_	_	_
21-4	BO021	21	uscirà	uscirà	linguistic	none	_	_	_	_	_	_
21-5	BO021	21	niente	niente	linguistic	none	_	_	_	_	_	_
21-6	BO021	21	che	che	linguistic	none	_	_	_	_	_	_
21-7	BO021	21	ti	ti	linguistic	none	_	_	_	_	_	_
21-8	BO021	21	possa	possa	linguistic	none	_	_	_	_	_	_
21-9	BO021	21	recare	recare	linguistic	none	_	_	_	_	_	_
21-10	BO021	21	danno	danno	linguistic	none	_	_	_	_	_	_
21-11	BO021	21	a	a	linguistic	none	_	_	_	_	_	_
21-12	BO021	21	livello	livello	linguistic	none	_	_	_	_	_	_
21-13	BO021	21	legale	legale	linguistic	none	_	_	_	_	_	_
21-14	BO021	21	personale,	personale	linguistic	none	Intonation=weakly_rising	End=53.37	_	_	_	_
22-0	BO071	22	ottimo	ottimo	linguistic	none	_	Begin=53.37	_	_	_	_
22-1	BO071	22	ottimo,	ottimo	linguistic	none	Intonation=weakly_rising	End=54.194	_	_	_	_
23-0	BO072	23	è	è	linguistic	none	_	Begin=54.217	_	_	_	_
23-1	BO072	23	difficile	difficile	linguistic	none	_	_	_	_	_	_
23-2	BO072	23	perché	perché	linguistic	none	_	_	_	_	_	_
23-3	BO072	23	tutto	tutto	linguistic	none	_	_	_	_	_	_
23-4	BO072	23	quello	quello	linguistic	none	_	_	_	_	_	_
23-5	BO072	23	che	che	linguistic	none	_	_	_	_	_	_
23-6	BO072	23	dice	dice	linguistic	none	_	_	_	_	_	_
23-7	BO072	23	gli	gli	linguistic	none	_	_	_	_	_	_
23-8	BO072	23	reca	reca	linguistic	none	_	_	_	_	_	_
23-9	BO072	23	danno	danno	linguistic	none	_	_	_	_	_	_
23-10	BO072	23	a	a	linguistic	none	_	_	_	_	_	_
23-11	BO072	23	livello	livello	linguistic	none	_	_	_	_	_	_
23-12	BO072	23	personale	personale	linguistic	none	_	_	_	_	_	_
23-13	BO072	23	anche	anche	linguistic	none	_	_	_	_	_	_
23-14	BO072	23	legale,	legale	linguistic	none	Intonation=weakly_rising	End=57.888	_	_	_	_
24-0	BO072	24	legale	legale	linguistic	none	_	Begin=57.921	_	_	_	_
24-1	BO072	24	non	non	linguistic	none	_	_	_	_	_	_
24-2	BO072	24	lo	lo	linguistic	none	_	_	_	_	_	_
24-3	BO072	24	so	so	linguistic	none	_	End=58.794	_	_	_	_
25-0	BO071	25	legale	legale	linguistic	none	_	Begin=58.794	_	_	_	_
25-1	BO071	25	no	no	linguistic	none	_	_	_	_	_	_
25-2	BO071	25	molto	molto	linguistic	none	_	_	_	_	_	_
25-3	BO071	25	probabilmente	probabilmente	linguistic	none	_	_	_	_	_	_
25-4	BO071	25	no	no	linguistic	none	_	_	_	_	_	_
25-5	BO071	25	sono	sono	linguistic	none	_	_	_	_	_	_
25-6	BO071	25	sempre	sempre	linguistic	none	_	_	_	_	_	_
25-7	BO071	25	nell'	nell'	linguistic	none	SpaceAfter=No	_	_	_	_	_
25-8	BO071	25	ambito	ambito	linguistic	none	_	_	_	_	_	_
25-9	BO071	25	della	della	linguistic	none	_	_	_	_	_	_
25-10	BO071	25	legalità	legalità	linguistic	none	_	End=62.87	_	_	_	_
26-0	BO072	26	eh	eh	linguistic	none	_	Begin=62.87	_	_	_	_
26-1	BO072	26	c'	c'	linguistic	none	SpaceAfter=No	_	_	_	_	_
26-2	BO072	26	è	è	linguistic	none	_	_	_	_	_	_
26-3	BO072	26	solo	solo	linguistic	none	_	_	_	_	_	_
26-4	BO072	26	quella	quella	linguistic	none	_	_	_	_	_	_
26-5	BO072	26	accusa	accusa	linguistic	none	_	_	_	_	_	_
26-6	BO072	26	di	di	linguistic	none	_	_	_	_	_	_
26-7	BO072	26	vandalismo	vandalismo	linguistic	none	_	_	_	_	_	_
26-8	BO072	26	pendente:,	pendente	linguistic	none	Intonation=weakly_rising	End=65.648	7x1	_	_	_
27-0	BO071	27	no::	no	linguistic	none	_	Begin=65.648|End=66.563	1x2	_	_	_
28-0	BO072	28	no?	no	linguistic	none	Intonation=rising	Begin=66.563|End=67.156	_	_	_	_
29-0	BO071	29	no.	no	linguistic	none	Intonation=falling	Begin=67.156|End=67.578	_	_	_	_
30-0	BO021	30	che	che	linguistic	none	_	Begin=67.682	_	_	_	_
30-1	BO021	30	accusa	accusa	linguistic	none	_	_	_	_	_	_
30-2	BO021	30	di	di	linguistic	none	_	_	_	_	_	_
30-3	BO021	30	vandalismo?	vandalismo	linguistic	none	Intonation=rising	End=69.22	_	_	_	_
31-0	BO071	31	((ride))	((ride))	nonverbalbehavior	none	_	Begin=69.259|End=70.023	_	_	_	_
32-0	BO072	32	quando	quando	linguistic	none	_	Begin=75.366	_	_	_	_
32-1	BO072	32	skatearo	skatearo	linguistic	none	_	End=77.069	_	_	_	_
33-0	BO071	33	<skatearo>	skatearo	linguistic	none	_	Begin=77.242	_	Slow=0-8(0)	_	_
33-1	BO071	33	bellissimo	bellissimo	linguistic	none	_	_	_	_	_	_
33-2	BO071	33	((ride))	((ride))	nonverbalbehavior	none	_	End=79.542	_	_	_	_
34-0	BO071	34	skatearo	skatearo	linguistic	none	_	Begin=79.662	_	_	_	_
34-1	BO071	34	questo	questo	linguistic	none	_	_	_	_	_	_
34-2	BO071	34	qua	qua	linguistic	none	_	_	_	_	_	_
34-3	BO071	34	è	è	linguistic	none	_	_	_	_	_	_
34-4	BO071	34	il	il	linguistic	none	_	_	_	_	_	_
34-5	BO071	34	neologismo	neologismo	linguistic	none	_	_	_	_	_	_
34-6	BO071	34	che	che	linguistic	none	_	_	_	_	_	_
34-7	BO071	34	sottolinea	sottolinea	linguistic	none	_	_	_	_	_	_
34-8	BO071	34	xxx	x	unknown	none	_	End=82.787	_	_	_	_
35-0	BO072	35	xxx	x	unknown	none	_	Begin=82.787	_	_	_	_
35-1	BO072	35	eroinomane	eroinomane	linguistic	none	_	_	_	_	_	_
35-2	BO072	35	skatearo	skatearo	linguistic	none	_	_	_	_	_	_
35-3	BO072	35	cocainomane	cocainomane	linguistic	none	_	End=85.766	_	_	_	_
36-0	BO021	36	((ride))	((ride))	nonverbalbehavior	none	_	Begin=85.872|End=86.289	_	_	_	_
37-0	BO071	37	cocainaro	cocainaro	linguistic	none	_	Begin=86.488	_	_	_	_
37-1	BO071	37	anche	anche	linguistic	none	_	_	_	_	_	_
37-2	BO071	37	via	via	linguistic	none	_	End=87.708	_	_	_	_
38-0	BO071	38	cocainaro	cocainaro	linguistic	none	_	Begin=87.743	_	_	_	_
38-1	BO071	38	paninaro,	paninaro	linguistic	none	Intonation=weakly_rising	End=89.05	_	_	_	_
39-0	BO021	39	oh	oh	linguistic	none	_	Begin=89.395	_	_	_	_
39-1	BO021	39	un	un	linguistic	none	_	_	_	_	_	_
39-2	BO021	39	mio	mio	linguistic	none	_	_	_	_	_	_
39-3	BO021	39	compagno	compagno	linguistic	none	_	_	_	_	_	_
39-4	BO021	39	di	di	linguistic	none	_	_	_	_	_	_
39-5	BO021	39	(.)	[PAUSE]	shortpause	none	_	_	_	_	_	_
39-6	BO021	39	[]	x	unknown	none	_	_	_	_	_	_
39-7	BO021	39	un	un	linguistic	none	_	_	_	_	_	_
39-8	BO021	39	mio	mio	linguistic	none	_	_	_	_	_	_
39-9	BO021	39	compagno	compagno	linguistic	none	_	_	_	_	_	_
39-10	BO021	39	di	di	linguistic	none	_	_	_	_	_	_
39-11	BO021	39	classe	classe	linguistic	none	_	_	_	_	_	_
39-12	BO021	39	se	se	linguistic	none	_	_	_	_	_	_
39-13	BO021	39	n'	n'	linguistic	none	SpaceAfter=No	_	_	_	_	_
39-14	BO021	39	è	è	linguistic	none	_	_	_	_	_	_
39-15	BO021	39	uscito	uscito	linguistic	none	_	_	_	_	_	_
39-16	BO021	39	con	con	linguistic	none	_	_	_	_	_	_
39-17	BO021	39	i	i	linguistic	none	_	_	_	_	_	_
39-18	BO021	39	reppisti,	reppisti	linguistic	none	Intonation=weakly_rising	End=94.0	_	_	_	_
40-0	BO071	40	[kebabbaro],	kebabbaro	linguistic	none	Intonation=weakly_rising	Begin=89.927|End=90.724	_	_	_	0-9(3)
41-0	BO071	41	i	i	linguistic	none	_	Begin=94.0	_	_	_	_
41-1	BO071	41	reppisti	reppisti	linguistic	none	_	End=95.3	_	_	_	_
42-0	BO072	42	i	i	linguistic	none	_	Begin=95.3	_	_	_	_
42-1	BO072	42	reppisti	reppisti	linguistic	none	_	_	_	_	_	_
42-2	BO072	42	è	è	linguistic	none	_	_	_	_	_	_
42-3	BO072	42	peso,	peso	linguistic	none	Intonation=weakly_rising	End=96.564	_	_	_	_
43-0	BO021	43	i	i	linguistic	none	_	Begin=96.757	_	_	_	_
43-1	BO021	43	reppisti	reppisti	linguistic	none	_	_	_	_	_	_
43-2	BO021	43	è	è	linguistic	none	_	_	_	_	_	_
43-3	BO021	43	stato	stato	linguistic	none	_	_	_	_	_	_
43-4	BO021	43	terribile,	terribile	linguistic	none	Intonation=weakly_rising	End=99.01	_	_	_	_
44-0	BO072	44	i	i	linguistic	none	_	Begin=99.01	_	_	_	_
44-1	BO072	44	reppisti	reppisti	linguistic	none	_	_	_	_	_	_
44-2	BO072	44	è	è	linguistic	none	_	_	_	_	_	_
44-3	BO072	44	pesissimo,	pesissimo	linguistic	none	Intonation=weakly_rising	End=100.372	_	_	_	_
45-0	BO071	45	però	però	linguistic	none	_	Begin=102.314	_	_	_	_
45-1	BO071	45	in	in	linguistic	none	_	_	_	_	_	_
45-2	BO071	45	italiano	italiano	linguistic	none	_	_	_	_	_	_
45-3	BO071	45	come	come	linguistic	none	_	_	_	_	_	_
45-4	BO071	45	vuoi	vuoi	linguistic	none	_	_	_	_	_	_
45-5	BO071	45	dirlo?	dirlo	linguistic	none	Intonation=rising	End=103.94	_	_	_	_
46-0	BO021	46	rapper,	rapper	linguistic	none	Intonation=weakly_rising	Begin=103.96|End=104.637	_	_	_	_
47-0	BO021	47	rapper.	rapper	linguistic	none	Intonation=falling	Begin=104.637|End=105.527	_	_	_	_
48-0	BO072	48	eh	eh	linguistic	none	_	Begin=106.694	_	_	_	_
48-1	BO072	48	ci	ci	linguistic	none	_	_	_	_	_	_
48-2	BO072	48	sta	sta	linguistic	none	_	_	_	_	_	_
48-3	BO072	48	il	il	linguistic	none	_	_	_	_	_	_
48-4	BO072	48	rapper,	rapper	linguistic	none	Intonation=weakly_rising	End=107.869	_	_	_	_
49-0	BO071	49	anche	anche	linguistic	none	_	Begin=107.89	_	_	_	_
49-1	BO071	49	snowboarder?	snowboarder	linguistic	none	Intonation=rising	End=108.77	_	_	_	_
50-0	BO071	50	gli	gli	linguistic	none	_	Begin=109.52	_	_	_	_
50-1	BO071	50	snowboardisti,	snowboardisti	linguistic	none	Intonation=weakly_rising	End=110.74	_	_	_	_
51-0	BO072	51	gli	gli	linguistic	none	_	Begin=110.74	_	_	_	_
51-1	BO072	51	snowboardisti	snowboardisti	linguistic	none	_	_	_	_	_	_
51-2	BO072	51	fanno:,	fanno	linguistic	none	Intonation=weakly_rising	End=112.21	4x1	_	_	_
52-0	BO021	52	ho	ho	linguistic	none	_	Begin=112.21	_	_	_	_
52-1	BO021	52	sempre	sempre	linguistic	none	_	_	_	_	_	_
52-2	BO021	52	detto	detto	linguistic	none	_	_	_	_	_	_
52-3	BO021	52	snowboarder	snowboarder	linguistic	none	_	End=113.826	_	_	_	_
53-0	BO021	53	si	si	linguistic	none	_	Begin=113.903	_	_	_	_
53-1	BO021	53	ma	ma	linguistic	none	_	_	_	_	_	_
53-2	BO021	53	appunto	appunto	linguistic	none	_	_	_	_	_	_
53-3	BO021	53	dici	dici	linguistic	none	_	_	_	_	_	_
53-4	BO021	53	skater	skater	linguistic	none	_	_	_	_	_	_
53-5	BO021	53	non	non	linguistic	none	_	_	_	_	_	_
53-6	BO021	53	[dici	dici	linguistic	none	_	_	_	_	_	0-4(4)
53-7	BO021	53	skateisti],	skateisti	linguistic	none	Intonation=weakly_rising	End=116.861	_	_	_	0-9(4)
54-0	BO071	54	[come	come	linguistic	none	_	Begin=115.981	_	_	_	0-4(4)
54-1	BO071	54	si	si	linguistic	none	_	_	_	_	_	0-2(4)
54-2	BO071	54	incazza]	incazza	linguistic	none	_	_	_	_	_	0-7(4)
54-3	BO071	54	se	se	linguistic	none	_	_	_	_	_	_
54-4	BO071	54	fai	fai	linguistic	none	_	_	_	_	_	_
54-5	BO071	54	[xxx]	x	unknown	none	_	End=118.123	_	_	_	0-3(5)
55-0	BO072	55	[e	e	linguistic	none	_	Begin=117.37	_	_	_	0-1(5)
55-1	BO072	55	uno	uno	linguistic	none	_	_	_	_	_	0-3(5)
55-2	BO072	55	skat]erista	skaterista	linguistic	none	_	_	_	_	_	0-4(5)
55-3	BO072	55	come	come	linguistic	none	_	_	_	_	_	_
55-4	BO072	55	la	la	linguistic	none	_	_	_	_	_	_
55-5	BO072	55	pigli?	pigli	linguistic	none	Intonation=rising	End=119.063	_	_	_	_
56-0	BO071	56	piglio	piglio	linguistic	none	_	Begin=119.063	_	_	_	_
56-1	BO071	56	che::	che	linguistic	none	_	_	2x2	_	_	_
56-2	BO071	56	è	è	linguistic	none	_	_	_	_	_	_
56-3	BO071	56	il	il	linguistic	none	_	_	_	_	_	_
56-4	BO071	56	loro	loro	linguistic	none	_	_	_	_	_	_
56-5	BO071	56	modo	modo	linguistic	none	_	_	_	_	_	_
56-6	BO071	56	di	di	linguistic	none	_	_	_	_	_	_
56-7	BO071	56	chiamarli,	chiamarli	linguistic	none	Intonation=weakly_rising	End=121.83	_	_	_	_
57-0	BO072	57	ah	ah	linguistic	none	_	Begin=122.921	_	_	_	_
57-1	BO072	57	quindi	quindi	linguistic	none	_	_	_	_	_	_
57-2	BO072	57	con	con	linguistic	none	_	_	_	_	_	_
57-3	BO072	57	(.)	[PAUSE]	shortpause	none	_	_	_	_	_	_
57-4	BO072	57	filosofia	filosofia	linguistic	none	_	_	_	_	_	_
57-5	BO072	57	insomma?	insomma	linguistic	none	Intonation=rising	End=124.472	_	_	_	_
58-0	BO071	58	no	no	linguistic	none	_	Begin=124.706	_	_	_	_
58-1	BO071	58	con::	con	linguistic	none	_	_	2x2	_	_	_
58-2	BO071	58	a~	a~	linguistic	none	Interrupted=Yes	End=126.226	_	_	_	_
59-0	BO072	59	con	con	linguistic	none	_	Begin=126.253	_	_	_	_
59-1	BO072	59	il	il	linguistic	none	_	_	_	_	_	_
59-2	BO072	59	giusto	giusto	linguistic	none	_	_	_	_	_	_
59-3	BO072	59	disprezzo,	disprezzo	linguistic	none	Intonation=weakly_rising	End=127.213	_	_	_	_
60-0	BO071	60	((ride))	((ride))	nonverbalbehavior	none	_	Begin=127.676|End=128.412	_	_	_	_
61-0	BO021	61	((ride))	((ride))	nonverbalbehavior	none	_	Begin=127.676|End=128.412	_	_	_	_
62-0	BO071	62	con	con	linguistic	none	_	Begin=130.663	_	_	_	_
62-1	BO071	62	disprezzo	disprezzo	linguistic	none	_	_	_	_	_	_
62-2	BO071	62	mi	mi	linguistic	none	_	_	_	_	_	_
62-3	BO071	62	sembra	sembra	linguistic	none	_	_	_	_	_	_
62-4	BO071	62	giusto	giusto	linguistic	none	_	End=132.735	_	_	_	_
63-0	BO072	63	il	il	linguistic	none	_	Begin=137.011	_	_	_	_
63-1	BO072	63	fatto	fatto	linguistic	none	_	_	_	_	_	_
63-2	BO072	63	è	è	linguistic	none	_	_	_	_	_	_
63-3	BO072	63	che	che	linguistic	none	_	_	_	_	_	_
63-4	BO072	63	quando	quando	linguistic	none	_	_	_	_	_	_
63-5	BO072	63	si	si	linguistic	none	_	_	_	_	_	_
63-6	BO072	63	accende	accende	linguistic	none	_	_	_	_	_	_
63-7	BO072	63	il	il	linguistic	none	_	_	_	_	_	_
63-8	BO072	63	registratore	registratore	linguistic	none	_	_	_	_	_	_
63-9	BO072	63	la	la	linguistic	none	_	_	_	_	_	_
63-10	BO072	63	gente	gente	linguistic	none	_	_	_	_	_	_
63-11	BO072	63	non	non	linguistic	none	_	_	_	_	_	_
63-12	BO072	63	sa	sa	linguistic	none	_	_	_	_	_	_
63-13	BO072	63	mai	mai	linguistic	none	_	_	_	_	_	_
63-14	BO072	63	cosa	cosa	linguistic	none	_	_	_	_	_	_
63-15	BO072	63	dire,	dire	linguistic	none	Intonation=weakly_rising	End=140.44	_	_	_	_
64-0	BO071	64	no	no	linguistic	none	_	Begin=141.004	_	_	_	_
64-1	BO071	64	beh,	beh	linguistic	none	Intonation=weakly_rising	_	_	_	_	_
64-2	BO071	64	adesso	adesso	linguistic	none	_	_	_	_	_	_
64-3	BO071	64	stiamo	stiamo	linguistic	none	_	_	_	_	_	_
64-4	BO071	64	parlando	parlando	linguistic	none	_	_	_	_	_	_
64-5	BO071	64	non	non	linguistic	none	_	_	_	_	_	_
64-6	BO071	64	è	è	linguistic	none	_	_	_	_	_	_
64-7	BO071	64	che,	che	linguistic	none	Intonation=weakly_rising	End=143.695	_	_	_	_
65-0	BO072	65	cazzo	cazzo	linguistic	none	_	Begin=144.526	_	_	_	_
65-1	BO072	65	è	è	linguistic	none	_	_	_	_	_	_
65-2	BO072	65	vero,	vero	linguistic	none	Intonation=weakly_rising	End=145.669	_	_	_	_
66-0	BO071	66	e:	e	linguistic	none	_	Begin=146.616	0x1	_	_	_
66-1	BO071	66	di	di	linguistic	none	_	_	_	_	_	_
66-2	BO071	66	solito	solito	linguistic	none	_	_	_	_	_	_
66-3	BO071	66	quando	quando	linguistic	none	_	_	_	_	_	_
66-4	BO071	66	sentiamo	sentiamo	linguistic	none	_	_	_	_	_	_
66-5	BO071	66	le	le	linguistic	none	_	_	_	_	_	_
66-6	BO071	66	nostre	nostre	linguistic	none	_	_	_	_	_	_
66-7	BO071	66	registrazioni	registrazioni	linguistic	none	_	_	_	_	_	_
66-8	BO071	66	delle	delle	linguistic	none	_	_	_	_	_	_
66-9	BO071	66	prove,	prove	linguistic	none	Intonation=weakly_rising	End=150.48	_	_	_	_
67-0	BO071	67	e	e	linguistic	none	_	Begin=151.237	_	_	_	_
67-1	BO071	67	(.)	[PAUSE]	shortpause	none	_	_	_	_	_	_
67-2	BO071	67	ci	ci	linguistic	none	_	_	_	_	_	_
67-3	BO071	67	sentiamo	sentiamo	linguistic	none	_	_	_	_	_	_
67-4	BO071	67	mentre	mentre	linguistic	none	_	_	_	_	_	_
67-5	BO071	67	parliamo	parliamo	linguistic	none	_	_	_	_	_	_
67-6	BO071	67	tra	tra	linguistic	none	_	_	_	_	_	_
67-7	BO071	67	un	un	linguistic	none	_	_	_	_	_	_
67-8	BO071	67	pezzo	pezzo	linguistic	none	_	_	_	_	_	_
67-9	BO071	67	e	e	linguistic	none	_	_	_	_	_	_
67-10	BO071	67	l'	l'	linguistic	none	SpaceAfter=No	_	_	_	_	_
67-11	BO071	67	altro,	altro	linguistic	none	Intonation=weakly_rising	End=154.298	_	_	_	_
68-0	BO071	68	rimaniamo	rimaniamo	linguistic	none	_	Begin=154.368	_	_	_	_
68-1	BO071	68	sempre	sempre	linguistic	none	_	_	_	_	_	_
68-2	BO071	68	sconvolti	sconvolti	linguistic	none	_	_	_	_	_	_
68-3	BO071	68	da	da	linguistic	none	_	_	_	_	_	_
68-4	BO071	68	quanto	quanto	linguistic	none	_	_	_	_	_	_
68-5	BO071	68	il	il	linguistic	none	_	_	_	_	_	_
68-6	BO071	68	nostro	nostro	linguistic	none	_	_	_	_	_	_
68-7	BO071	68	accento	accento	linguistic	none	_	_	_	_	_	_
68-8	BO071	68	diventa	diventa	linguistic	none	_	_	_	_	_	_
68-9	BO071	68	marcato	marcato	linguistic	none	_	End=157.664	_	_	_	_
69-0	BO072	69	merda	merda	linguistic	none	_	Begin=157.664	_	_	_	_
69-1	BO072	69	io	io	linguistic	none	_	_	_	_	_	_
69-2	BO072	69	sono	sono	linguistic	none	_	_	_	_	_	_
69-3	BO072	69	calabro	calabro	linguistic	none	_	_	_	_	_	_
69-4	BO072	69	all'	all'	linguistic	none	SpaceAfter=No	_	_	_	_	_
69-5	BO072	69	ennesimo	ennesimo	linguistic	none	_	_	_	_	_	_
69-6	BO072	69	livello,	livello	linguistic	none	Intonation=weakly_rising	End=160.047	_	_	_	_
70-0	BO071	70	esatto	esatto	linguistic	none	_	Begin=160.574	_	_	_	_
70-1	BO071	70	e	e	linguistic	none	_	_	_	_	_	_
70-2	BO071	70	ci	ci	linguistic	none	_	_	_	_	_	_
70-3	BO071	70	sono	sono	linguistic	none	_	_	_	_	_	_
70-4	BO071	70	delle	delle	linguistic	none	_	_	_	_	_	_
70-5	BO071	70	mie	mie	linguistic	none	_	End=162.191	_	_	_	_
71-0	BO071	71	se	se	linguistic	none	_	Begin=162.626	_	_	_	_
71-1	BO071	71	vuoi	vuoi	linguistic	none	_	_	_	_	_	_
71-2	BO071	71	delle	delle	linguistic	none	_	_	_	_	_	_
71-3	BO071	71	belle	belle	linguistic	none	_	_	_	_	_	_
71-4	BO071	71	bestemmie	bestemmie	linguistic	none	_	_	_	_	_	_
71-5	BO071	71	dette	dette	linguistic	none	_	_	_	_	_	_
71-6	BO071	71	con	con	linguistic	none	_	_	_	_	_	_
71-7	BO071	71	un	un	linguistic	none	_	_	_	_	_	_
71-8	BO071	71	bell'	bell'	linguistic	none	SpaceAfter=No	_	_	_	_	_
71-9	BO071	71	accento	accento	linguistic	none	_	_	_	_	_	_
71-10	BO071	71	bresciano	bresciano	linguistic	none	_	_	_	_	_	_
71-11	BO071	71	io	io	linguistic	none	_	_	_	_	_	_
71-12	BO071	71	le	le	linguistic	none	_	_	_	_	_	_
71-13	BO071	71	ho	ho	linguistic	none	_	_	_	_	_	_
71-14	BO071	71	registrate,	registrate	linguistic	none	Intonation=weakly_rising	End=166.937	_	_	_	_
72-0	BO021	72	((ride))	((ride))	nonverbalbehavior	none	_	Begin=168.136|End=168.645	_	_	_	_
73-0	BO021	73	ma	ma	linguistic	none	_	Begin=169.517	_	_	_	_
73-1	BO021	73	pronte	pronte	linguistic	none	_	_	_	_	_	_
73-2	BO021	73	registrazioni	registrazioni	linguistic	none	_	_	_	_	_	_
73-3	BO021	73	o	o	linguistic	none	_	_	_	_	_	_
73-4	BO021	73	appo[sitamente	appositamente	linguistic	none	_	_	_	_	_	4-13(6)
73-5	BO021	73	registrate],	registrate	linguistic	none	Intonation=weakly_rising	End=172.548	_	_	_	0-10(6)
74-0	BO071	74	[(per	per	linguistic	none	_	Begin=171.319	_	_	0-3(0)	0-3(6)
74-1	BO071	74	la	la	linguistic	none	_	_	_	_	0-2(0)	0-2(6)
74-2	BO071	74	musica)	musica	linguistic	none	_	_	_	_	0-6(0)	0-6(6)
74-3	BO071	74	no	no	linguistic	none	_	_	_	_	_	0-2(6)
74-4	BO071	74	no]	no	linguistic	none	_	_	_	_	_	0-2(6)
74-5	BO071	74	no	no	linguistic	none	_	_	_	_	_	_
74-6	BO071	74	durante	durante	linguistic	none	_	_	_	_	_	_
74-7	BO071	74	(.)	[PAUSE]	shortpause	none	_	_	_	_	_	_
74-8	BO071	74	boh	boh	linguistic	none	_	_	_	_	_	_
74-9	BO071	74	non	non	linguistic	none	_	_	_	_	_	_
74-10	BO071	74	lo	lo	linguistic	none	_	_	_	_	_	_
74-11	BO071	74	so	so	linguistic	none	_	_	_	_	_	_
74-12	BO071	74	per	per	linguistic	none	_	_	_	_	_	_
74-13	BO071	74	caricarmi	caricarmi	linguistic	none	_	_	_	_	_	_
74-14	BO071	74	ho	ho	linguistic	none	_	_	_	_	_	_
74-15	BO071	74	acceso	acceso	linguistic	none	_	_	_	_	_	_
74-16	BO071	74	il	il	linguistic	none	_	_	_	_	_	_
74-17	BO071	74	registratore	registratore	linguistic	none	_	_	_	_	_	_
74-18	BO071	74	prima	prima	linguistic	none	_	_	_	_	_	_
74-19	BO071	74	di	di	linguistic	none	_	_	_	_	_	_
74-20	BO071	74	iniziare	iniziare	linguistic	none	_	_	_	_	_	_
74-21	BO071	74	e	e	linguistic	none	_	_	_	_	_	_
74-22	BO071	74	ho	ho	linguistic	none	_	_	_	_	_	_
74-23	BO071	74	iniziato	iniziato	linguistic	none	_	_	_	_	_	_
74-24	BO071	74	a	a	linguistic	none	_	_	_	_	_	_
74-25	BO071	74	bestemmiare	bestemmiare	linguistic	none	_	_	_	_	_	_
74-26	BO071	74	xxx	x	unknown	none	_	End=178.016	_	_	_	_
75-0	BO072	75	una	una	linguistic	none	_	Begin=178.696	_	_	_	_
75-1	BO072	75	cosa	cosa	linguistic	none	_	_	_	_	_	_
75-2	BO072	75	che	che	linguistic	none	_	_	_	_	_	_
75-3	BO072	75	mi	mi	linguistic	none	_	_	_	_	_	_
75-4	BO072	75	dà	dà	linguistic	none	_	_	_	_	_	_
75-5	BO072	75	fastidio	fastidio	linguistic	none	_	_	_	_	_	_
75-6	BO072	75	del	del	linguistic	none	_	_	_	_	_	_
75-7	BO072	75	lombardo	lombardo	linguistic	none	_	_	_	_	_	_
75-8	BO072	75	del	del	linguistic	none	_	_	_	_	_	_
75-9	BO072	75	dialetto	dialetto	linguistic	none	_	_	_	_	_	_
75-10	BO072	75	lombardo	lombardo	linguistic	none	_	_	_	_	_	_
75-11	BO072	75	è	è	linguistic	none	_	_	_	_	_	_
75-12	BO072	75	che	che	linguistic	none	_	_	_	_	_	_
75-13	BO072	75	dite	dite	linguistic	none	_	_	_	_	_	_
75-14	BO072	75	sempre	sempre	linguistic	none	_	_	_	_	_	_
75-15	BO072	75	figa,	figa	linguistic	none	Intonation=weakly_rising	End=182.729	_	_	_	_
76-0	BO071	76	perché	perché	linguistic	none	_	Begin=183.348	_	_	_	_
76-1	BO071	76	vi	vi	linguistic	none	_	_	_	_	_	_
76-2	BO071	76	dà	dà	linguistic	none	_	_	_	_	_	_
76-3	BO071	76	fastidio?	fastidio	linguistic	none	Intonation=rising	End=184.696	_	_	_	_
77-0	BO071	77	vi.	vi	linguistic	none	Intonation=falling	Begin=185.216	_	_	_	_
77-1	BO071	77	perché	perché	linguistic	none	_	_	_	_	_	_
77-2	BO071	77	i	i	linguistic	none	_	_	_	_	_	_
77-3	BO071	77	ho	ho	linguistic	none	_	_	_	_	_	_
77-4	BO071	77	dato	dato	linguistic	none	_	_	_	_	_	_
77-5	BO071	77	(.)	[PAUSE]	shortpause	none	_	_	_	_	_	_
77-6	BO071	77	ho	ho	linguistic	none	_	_	_	_	_	_
77-7	BO071	77	dato	dato	linguistic	none	_	_	_	_	_	_
77-8	BO071	77	a	a	linguistic	none	_	_	_	_	_	_
77-9	BO071	77	te	te	linguistic	none	_	_	_	_	_	_
77-10	BO071	77	del	del	linguistic	none	_	_	_	_	_	_
77-11	BO071	77	voi	voi	linguistic	none	_	_	_	_	_	_
77-12	BO071	77	ma	ma	linguistic	none	_	_	_	_	_	_
77-13	BO071	77	vabbè	vabbè	linguistic	none	_	End=188.348	_	_	_	_
78-0	BO072	78	e::h	eh	linguistic	none	_	Begin=188.618	0x2	_	_	_
78-1	BO072	78	la	la	linguistic	none	_	_	_	_	_	_
78-2	BO072	78	cultura	cultura	linguistic	none	_	_	_	_	_	_
78-3	BO072	78	meridionale	meridionale	linguistic	none	_	_	_	_	_	_
78-4	BO072	78	è	è	linguistic	none	_	_	_	_	_	_
78-5	BO072	78	più	più	linguistic	none	_	_	_	_	_	_
78-6	BO072	78	machista	machista	linguistic	none	_	_	_	_	_	_
78-7	BO072	78	capi'	capi'	linguistic	none	Truncated=Yes	_	_	_	_	_
78-8	BO072	78	si	si	linguistic	none	_	_	_	_	_	_
78-9	BO072	78	dice	dice	linguistic	none	_	_	_	_	_	_
78-10	BO072	78	minchia,	minchia	linguistic	none	Intonation=weakly_rising	End=192.14	_	_	_	_
79-0	BO071	79	machiste	machiste	linguistic	none	_	Begin=192.3	_	_	_	_
79-1	BO071	79	e	e	linguistic	none	_	_	_	_	_	_
79-2	BO071	79	machista	machista	linguistic	none	_	End=193.57	_	_	_	_
80-0	BO071	80	maciste	maciste	linguistic	none	_	Begin=194.496	_	_	_	_
80-1	BO071	80	ma[chista]	machista	linguistic	none	_	End=195.716	_	_	_	2-8(7)
81-0	BO072	81	[maciste]	maciste	linguistic	none	_	Begin=195.151	_	_	_	0-7(7)
81-1	BO072	81	è	è	linguistic	none	_	_	_	_	_	_
81-2	BO072	81	un'	un'	linguistic	none	SpaceAfter=No	_	_	_	_	_
81-3	BO072	81	altra	altra	linguistic	none	_	_	_	_	_	_
81-4	BO072	81	cosa.	cosa	linguistic	none	Intonation=falling	End=196.255	_	_	_	_
82-0	BO071	82	machis[ta]	machista	linguistic	none	_	Begin=196.426|End=197.143	_	_	_	6-8(8)
83-0	BO072	83	anche	anche	linguistic	none	_	Begin=196.913	_	_	_	_
83-1	BO072	83	se	se	linguistic	none	_	_	_	_	_	_
83-2	BO072	83	penso	penso	linguistic	none	_	_	_	_	_	_
83-3	BO072	83	ch[e::]	che	linguistic	none	_	End=197.868	2x2	_	_	2-3(8)
84-0	BO071	84	[è]	è	linguistic	none	_	Begin=197.741	_	_	_	0-1(9)
84-1	BO071	84	l'	l'	linguistic	none	SpaceAfter=No	_	_	_	_	_
84-2	BO071	84	aggettivo	aggettivo	linguistic	none	_	_	_	_	_	_
84-3	BO071	84	[machista]	machista	linguistic	none	_	End=199.308	_	_	_	0-8(10)
85-0	BO021	85	[in	in	linguistic	none	_	Begin=198.44	_	_	_	0-2(10)
85-1	BO021	85	spagnolo]	spagnolo	linguistic	none	_	_	_	_	_	0-8(10)
85-2	BO021	85	maschilista	maschilista	linguistic	none	_	_	_	_	_	_
85-3	BO021	85	si	si	linguistic	none	_	_	_	_	_	_
85-4	BO021	85	dice	dice	linguistic	none	_	_	_	_	_	_
85-5	BO021	85	machista	machista	linguistic	none	_	End=200.783	_	_	_	_
86-0	BO071	86	eh	eh	linguistic	none	_	Begin=201.575	_	_	_	_
86-1	BO071	86	lo	lo	linguistic	none	_	_	_	_	_	_
86-2	BO071	86	so.	so	linguistic	none	Intonation=falling	End=202.093	_	_	_	_
87-0	BO071	87	però	però	linguistic	none	_	Begin=202.506	_	_	_	_
87-1	BO071	87	non	non	linguistic	none	_	_	_	_	_	_
87-2	BO071	87	s~	s~	linguistic	none	Interrupted=Yes	_	_	_	_	_
87-3	BO071	87	non	non	linguistic	none	_	_	_	_	_	_
87-4	BO071	87	stiamo	stiamo	linguistic	none	_	_	_	_	_	_
87-5	BO071	87	parlando	parlando	linguistic	none	_	_	_	_	_	_
87-6	BO071	87	spagnolo	spagnolo	linguistic	none	_	End=204.27	_	_	_	_
88-0	BO072	88	io	io	linguistic	none	_	Begin=204.39	_	_	_	_
88-1	BO072	88	parlo	parlo	linguistic	none	_	_	_	_	_	_
88-2	BO072	88	spagnolo	spagnolo	linguistic	none	_	_	_	_	_	_
88-3	BO072	88	italiano	italiano	linguistic	none	_	_	_	_	_	_
88-4	BO072	88	ignorante,	ignorante	linguistic	none	Intonation=weakly_rising	End=206.68	_	_	_	_
89-0	BO071	89	machista,	machista	linguistic	none	Intonation=weakly_rising	Begin=206.68|End=207.412	_	_	_	_
90-0	BO072	90	cultura	cultura	linguistic	none	_	Begin=207.629	_	_	_	_
90-1	BO072	90	machista	machista	linguistic	none	_	_	_	_	_	_
90-2	BO072	90	sì.	sì	linguistic	none	Intonation=falling	End=209.043	_	_	_	_
91-0	BO071	91	a:h	ah	linguistic	none	_	Begin=209.043	0x1	_	_	_
91-1	BO071	91	cultura	cultura	linguistic	none	_	_	_	_	_	_
91-2	BO071	91	machista	machista	linguistic	none	_	_	_	_	_	_
91-3	BO071	91	ah	ah	linguistic	none	_	End=210.846	_	_	_	_
92-0	BO072	92	non	non	linguistic	none	_	Begin=210.875	_	_	_	_
92-1	BO072	92	so	so	linguistic	none	_	_	_	_	_	_
92-2	BO072	92	se	se	linguistic	none	_	_	_	_	_	_
92-3	BO072	92	derivi	derivi	linguistic	none	_	_	_	_	_	_
92-4	BO072	92	da	da	linguistic	none	_	_	_	_	_	_
92-5	BO072	92	macho,	macho	linguistic	none	Intonation=weakly_rising	End=212.42	_	_	_	_
93-0	BO072	93	o	o	linguistic	none	_	Begin=213.214	_	_	_	_
93-1	BO072	93	se	se	linguistic	none	_	_	_	_	_	_
93-2	BO072	93	derivi	derivi	linguistic	none	_	_	_	_	_	_
93-3	BO072	93	da	da	linguistic	none	_	_	_	_	_	_
93-4	BO072	93	maciste	maciste	linguistic	none	_	End=214.46	_	_	_	_
94-0	BO072	94	anche	anche	linguistic	none	_	Begin=214.73	_	_	_	_
94-1	BO072	94	macho	macho	linguistic	none	_	_	_	_	_	_
94-2	BO072	94	deriv	deriv	linguistic	none	_	_	_	_	_	_
94-3	BO072	94	da	da	linguistic	none	_	_	_	_	_	_
94-4	BO072	94	maciste	maciste	linguistic	none	_	End=216.67	_	_	_	_
95-0	BO071	95	macho	macho	linguistic	none	_	Begin=216.68	_	_	_	_
95-1	BO071	95	penso	penso	linguistic	none	_	_	_	_	_	_
95-2	BO071	95	deriva	deriva	linguistic	none	_	_	_	_	_	_
95-3	BO071	95	derivi	derivi	linguistic	none	_	_	_	_	_	_
95-4	BO071	95	da	da	linguistic	none	_	_	_	_	_	_
95-5	BO071	95	maciste,	maciste	linguistic	none	Intonation=weakly_rising	End=218.72	_	_	_	_
96-0	BO072	96	macho	macho	linguistic	none	_	Begin=218.748	_	_	_	_
96-1	BO072	96	man,	man	linguistic	none	Intonation=weakly_rising	End=219.828	_	_	_	_
97-0	BO071	97	esatto	esatto	linguistic	none	_	Begin=219.987|End=220.435	_	_	_	_
98-0	BO072	98	da	da	linguistic	none	_	Begin=220.465	_	_	_	_
98-1	BO072	98	maciste?	maciste	linguistic	none	Intonation=rising	End=221.151	_	_	_	_
99-0	BO071	99	mh	mh	linguistic	none	_	Begin=221.205|End=221.508	_	_	_	_
100-0	BO072	100	che	che	linguistic	none	_	Begin=222.612	_	_	_	_
100-1	BO072	100	senso	senso	linguistic	none	_	_	_	_	_	_
100-2	BO072	100	xx	x	unknown	none	_	End=224.52	_	_	_	_
101-0	BO071	101	non	non	linguistic	none	_	Begin=225.7	_	_	_	_
101-1	BO071	101	c'	c'	linguistic	none	SpaceAfter=No	_	_	_	_	_
101-2	BO071	101	ha	ha	linguistic	none	_	_	_	_	_	_
101-3	BO071	101	senso	senso	linguistic	none	_	End=226.91	_	_	_	_
102-0	BO072	102	ha	ha	linguistic	none	_	Begin=228.641	_	_	_	_
102-1	BO072	102	molto	molto	linguistic	none	_	_	_	_	_	_
102-2	BO072	102	senso,	senso	linguistic	none	Intonation=weakly_rising	End=229.336	_	_	_	_
103-0	BO072	103	mi	mi	linguistic	none	_	Begin=230.495	_	_	_	_
103-1	BO072	103	fa	fa	linguistic	none	_	_	_	_	_	_
103-2	BO072	103	ridere	ridere	linguistic	none	_	_	_	_	_	_
103-3	BO072	103	figa	figa	linguistic	none	_	_	_	_	_	_
103-4	BO072	103	figa	figa	linguistic	none	_	End=232.504	_	_	_	_
104-0	BO071	104	f::iga	figa	linguistic	none	_	Begin=232.504|End=233.546	0x2	_	_	_
105-0	BO071	105	non	non	linguistic	none	_	Begin=233.63	_	_	_	_
105-1	BO071	105	è	è	linguistic	none	_	_	_	_	_	_
105-2	BO071	105	con	con	linguistic	none	_	_	_	_	_	_
105-3	BO071	105	la	la	linguistic	none	_	_	_	_	_	_
105-4	BO071	105	p	p	linguistic	none	_	_	_	_	_	_
105-5	BO071	105	è	è	linguistic	none	_	_	_	_	_	_
105-6	BO071	105	col	col	linguistic	none	_	_	_	_	_	_
105-7	BO071	105	ph	ph	linguistic	none	_	_	_	_	_	_
105-8	BO071	105	però	però	linguistic	none	_	End=235.122	_	_	_	_
106-0	BO071	106	col	col	linguistic	none	_	Begin=235.21	_	_	_	_
106-1	BO071	106	ph	ph	linguistic	none	_	End=236.61	_	_	_	_
107-0	BO071	107	(lo	lo	linguistic	none	_	Begin=236.705	_	_	0-2(0)	_
107-1	BO071	107	diciamo)	diciamo	linguistic	none	_	End=237.41	_	_	0-7(0)	_
108-0	BO072	108	bruttissima	bruttissima	linguistic	none	_	Begin=237.41|End=238.03	_	_	_	_
109-0	BO071	109	ma	ma	linguistic	none	_	Begin=238.03	_	_	_	_
109-1	BO071	109	no:,	no	linguistic	none	Intonation=weakly_rising	End=238.819	1x1	_	_	_
110-0	BO072	110	le	le	linguistic	none	_	Begin=241.28	_	_	_	_
110-1	BO072	110	bestemmie	bestemmie	linguistic	none	_	_	_	_	_	_
110-2	BO072	110	si	si	linguistic	none	_	_	_	_	_	_
110-3	BO072	110	possono	possono	linguistic	none	_	_	_	_	_	_
110-4	BO072	110	dire?	dire	linguistic	none	Intonation=rising	End=242.549	_	_	_	_
111-0	BO072	111	sì?	sì	linguistic	none	Intonation=rising	Begin=243.125|End=243.72	_	_	_	_
112-0	BO071	112	ormai	ormai	linguistic	none	_	Begin=244.927	_	_	_	_
112-1	BO071	112	((ride))	((ride))	nonverbalbehavior	none	_	End=246.077	_	_	_	_
113-0	BO071	113	cazzo	cazzo	linguistic	none	_	Begin=246.924|End=247.384	_	_	_	_
114-0	BO072	114	ormai	ormai	linguistic	none	_	Begin=247.388	_	_	_	_
114-1	BO072	114	è	è	linguistic	none	_	_	_	_	_	_
114-2	BO072	114	andata	andata	linguistic	none	_	End=248.08	_	_	_	_
115-0	BO021	115	cioè	cioè	linguistic	none	_	Begin=248.08	_	_	_	_
115-1	BO021	115	andate	andate	linguistic	none	_	_	_	_	_	_
115-2	BO021	115	x	x	unknown	none	_	_	_	_	_	_
115-3	BO021	115	database	database	linguistic	none	_	_	_	_	_	_
115-4	BO021	115	di	di	linguistic	none	_	_	_	_	_	_
115-5	BO021	115	italiano	italiano	linguistic	none	_	_	_	_	_	_
115-6	BO021	115	parlato	parlato	linguistic	none	_	End=250.16	_	_	_	_
116-0	BO021	116	dovremmo	dovremmo	linguistic	none	_	Begin=251.582	_	_	_	_
116-1	BO021	116	parlare	parlare	linguistic	none	_	_	_	_	_	_
116-2	BO021	116	come	come	linguistic	none	_	_	_	_	_	_
116-3	BO021	116	parliamo	parliamo	linguistic	none	_	_	_	_	_	_
116-4	BO021	116	normalmente,	normalmente	linguistic	none	Intonation=weakly_rising	End=254.073	_	_	_	_
117-0	BO072	117	merda	merda	linguistic	none	_	Begin=254.073	_	_	_	_
117-1	BO072	117	speriamo	speriamo	linguistic	none	_	_	_	_	_	_
117-2	BO072	117	di	di	linguistic	none	_	_	_	_	_	_
117-3	BO072	117	no	no	linguistic	none	_	_	_	_	_	_
117-4	BO072	117	dai,	dai	linguistic	none	Intonation=weakly_rising	End=255.49	_	_	_	_
118-0	BO021	118	questo	questo	linguistic	none	_	Begin=256.399	_	_	_	_
118-1	BO021	118	era	era	linguistic	none	_	_	_	_	_	_
118-2	BO021	118	un	un	linguistic	none	_	_	_	_	_	_
118-3	BO021	118	xxx	x	unknown	none	_	End=257.44	_	_	_	_
119-0	BO021	119	io	io	linguistic	none	_	Begin=257.512	_	_	_	_
119-1	BO021	119	ho	ho	linguistic	none	_	_	_	_	_	_
119-2	BO021	119	già	già	linguistic	none	_	_	_	_	_	_
119-3	BO021	119	dovuto	dovuto	linguistic	none	_	_	_	_	_	_
119-4	BO021	119	segnare	segnare	linguistic	none	_	_	_	_	_	_
119-5	BO021	119	le	le	linguistic	none	_	_	_	_	_	_
119-6	BO021	119	traduzioni	traduzioni	linguistic	none	_	_	_	_	_	_
119-7	BO021	119	dei	dei	linguistic	none	_	_	_	_	_	_
119-8	BO021	119	pezzi	pezzi	linguistic	none	_	_	_	_	_	_
119-9	BO021	119	in	in	linguistic	none	_	_	_	_	_	_
119-10	BO021	119	cui	cui	linguistic	none	_	_	_	_	_	_
119-11	BO021	119	parlo	parlo	linguistic	none	_	_	_	_	_	_
119-12	BO021	119	napoletano,	napoletano	linguistic	none	Intonation=weakly_rising	End=261.296	_	_	_	_
120-0	BO072	120	davvero?	davvero	linguistic	none	Intonation=rising	Begin=261.334|End=261.916	_	_	_	_
121-0	BO021	121	eh	eh	linguistic	none	_	Begin=261.916	_	_	_	_
121-1	BO021	121	certo,	certo	linguistic	none	Intonation=weakly_rising	End=262.342	_	_	_	_
122-0	BO071	122	no::	no	linguistic	none	_	Begin=262.39|End=263.356	1x2	_	_	_
123-0	BO021	123	perché	perché	linguistic	none	_	Begin=263.414	_	_	_	_
123-1	BO021	123	mi	mi	linguistic	none	_	_	_	_	_	_
123-2	BO021	123	xxx	x	unknown	none	_	_	_	_	_	_
123-3	BO021	123	me	me	linguistic	none	_	_	_	_	_	_
123-4	BO021	123	le	le	linguistic	none	_	_	_	_	_	_
123-5	BO021	123	riascolto	riascolto	linguistic	none	_	_	_	_	_	_
123-6	BO021	123	per	per	linguistic	none	_	_	_	_	_	_
123-7	BO021	123	capire	capire	linguistic	none	_	_	_	_	_	_
123-8	BO021	123	se:	se	linguistic	none	_	_	1x1	_	_	_
123-9	BO021	123	il	il	linguistic	none	_	_	_	_	_	_
123-10	BO021	123	suono	suono	linguistic	none	_	_	_	_	_	_
123-11	BO021	123	si	si	linguistic	none	_	_	_	_	_	_
123-12	BO021	123	sente	sente	linguistic	none	_	_	_	_	_	_
123-13	BO021	123	bene	bene	linguistic	none	_	_	_	_	_	_
123-14	BO021	123	che	che	linguistic	none	_	_	_	_	_	_
123-15	BO021	123	cazzo	cazzo	linguistic	none	_	_	_	_	_	_
123-16	BO021	123	abbiamo	abbiamo	linguistic	none	_	_	_	_	_	_
123-17	BO021	123	detto	detto	linguistic	none	_	_	_	_	_	_
123-18	BO021	123	eccetera,	eccetera	linguistic	none	Intonation=weakly_rising	End=269.568	_	_	_	_
124-0	BO021	124	e	e	linguistic	none	_	Begin=270.44	_	_	_	_
124-1	BO021	124	mi	mi	linguistic	none	_	_	_	_	_	_
124-2	BO021	124	sono	sono	linguistic	none	_	_	_	_	_	_
124-3	BO021	124	resa	resa	linguistic	none	_	_	_	_	_	_
124-4	BO021	124	conto	conto	linguistic	none	_	_	_	_	_	_
124-5	BO021	124	che	che	linguistic	none	_	_	_	_	_	_
124-6	BO021	124	ricorro	ricorro	linguistic	none	_	_	_	_	_	_
124-7	BO021	124	davvero	davvero	linguistic	none	_	_	_	_	_	_
124-8	BO021	124	al	al	linguistic	none	_	_	_	_	_	_
124-9	BO021	124	napoletano	napoletano	linguistic	none	_	End=273.54	_	_	_	_
125-0	BO072	125	ma	ma	linguistic	none	_	Begin=274.182	_	_	_	_
125-1	BO072	125	tu	tu	linguistic	none	_	_	_	_	_	_
125-2	BO072	125	per	per	linguistic	none	_	_	_	_	_	_
125-3	BO072	125	esempio	esempio	linguistic	none	_	_	_	_	_	_
125-4	BO072	125	[riesci	riesci	linguistic	none	_	_	_	_	_	0-6(11)
125-5	BO072	125	a	a	linguistic	none	_	_	_	_	_	0-1(11)
125-6	BO072	125	veder]ti	vederti	linguistic	none	_	_	_	_	_	0-5(11)
125-7	BO072	125	gomorra	gomorra	linguistic	none	_	_	_	_	_	_
125-8	BO072	125	senza	senza	linguistic	none	_	_	_	_	_	_
125-9	BO072	125	i	i	linguistic	none	_	_	_	_	_	_
125-10	BO072	125	sottotitoli?	sottotitoli	linguistic	none	Intonation=rising	End=277.069	_	_	_	_
126-0	BO021	126	[ma	ma	linguistic	none	_	Begin=274.778	_	_	_	0-2(11)
126-1	BO021	126	molto	molto	linguistic	none	_	_	_	_	_	0-5(11)
126-2	BO021	126	div~]	div~	linguistic	none	Interrupted=Yes	End=275.59	_	_	_	0-4(11)
127-0	BO021	127	ma	ma	linguistic	none	_	Begin=277.059	_	_	_	_
127-1	BO021	127	certo,	certo	linguistic	none	Intonation=weakly_rising	_	_	_	_	_
127-2	BO021	127	ma	ma	linguistic	none	_	_	_	_	_	_
127-3	BO021	127	io	io	linguistic	none	_	_	_	_	_	_
127-4	BO021	127	normalmente	normalmente	linguistic	none	_	_	_	_	_	_
127-5	BO021	127	[con	con	linguistic	none	_	_	_	_	_	0-3(12)
127-6	BO021	127	una	una	linguistic	none	_	_	_	_	_	0-3(12)
127-7	BO021	127	mia	mia	linguistic	none	_	_	_	_	_	0-3(12)
127-8	BO021	127	amica]	amica	linguistic	none	_	_	_	_	_	0-5(12)
127-9	BO021	127	io	io	linguistic	none	_	_	_	_	_	_
127-10	BO021	127	quando	quando	linguistic	none	_	_	_	_	_	_
127-11	BO021	127	scendo	scendo	linguistic	none	_	_	_	_	_	_
127-12	BO021	127	giù	giù	linguistic	none	_	_	_	_	_	_
127-13	BO021	127	parlo	parlo	linguistic	none	_	_	_	_	_	_
127-14	BO021	127	molto	molto	linguistic	none	_	_	_	_	_	_
127-15	BO021	127	di	di	linguistic	none	_	_	_	_	_	_
127-16	BO021	127	più	più	linguistic	none	_	_	_	_	_	_
127-17	BO021	127	napoletano,	napoletano	linguistic	none	Intonation=weakly_rising	End=281.81	_	_	_	_
128-0	BO072	128	[come	come	linguistic	none	_	Begin=278.52	_	_	_	0-4(13)
128-1	BO072	128	cazzo	cazzo	linguistic	none	_	_	_	_	_	0-5(13)
128-2	BO072	128	fai]?	fai	linguistic	none	Intonation=rising	End=279.215	_	_	_	0-3(13)
129-0	BO072	129	serio?	serio	linguistic	none	Intonation=rising	Begin=281.835|End=282.178	_	_	_	_
130-0	BO021	130	anche	anche	linguistic	none	_	Begin=282.206	_	_	_	_
130-1	BO021	130	dieci	dieci	linguistic	none	_	_	_	_	_	_
130-2	BO021	130	minuti	minuti	linguistic	none	_	_	_	_	_	_
130-3	BO021	130	di	di	linguistic	none	_	_	_	_	_	_
130-4	BO021	130	fila,	fila	linguistic	none	Intonation=weakly_rising	End=283.974	_	_	_	_
131-0	BO071	131	mai	mai	linguistic	none	_	Begin=284.74	_	_	_	_
131-1	BO071	131	successo,	successo	linguistic	none	Intonation=weakly_rising	End=285.6	_	_	_	_
132-0	BO071	132	vabbè	vabbè	linguistic	none	_	Begin=285.995	_	_	_	_
132-1	BO071	132	di	di	linguistic	none	_	_	_	_	_	_
132-2	BO071	132	parlare	parlare	linguistic	none	_	_	_	_	_	_
132-3	BO071	132	dieci	dieci	linguistic	none	_	_	_	_	_	_
132-4	BO071	132	minuti	minuti	linguistic	none	_	_	_	_	_	_
132-5	BO071	132	con	con	linguistic	none	_	_	_	_	_	_
132-6	BO071	132	[un	un	linguistic	none	_	_	_	_	_	0-2(14)
132-7	BO071	132	mio	mio	linguistic	none	_	_	_	_	_	0-3(14)
132-8	BO071	132	amico]:,	amico	linguistic	none	Intonation=weakly_rising	End=288.067	4x1	_	_	0-5(14)
133-0	BO072	133	[in	in	linguistic	none	_	Begin=287.283	_	_	_	0-2(14)
133-1	BO072	133	napoletano]?	napoletano	linguistic	none	Intonation=rising	End=287.914	_	_	_	0-10(14)
134-0	BO071	134	no	no	linguistic	none	_	Begin=288.214	_	_	_	_
134-1	BO071	134	in	in	linguistic	none	_	_	_	_	_	_
134-2	BO071	134	senso	senso	linguistic	none	_	_	_	_	_	_
134-3	BO071	134	eh	eh	linguistic	none	_	_	_	_	_	_
134-4	BO071	134	in	in	linguistic	none	_	_	_	_	_	_
134-5	BO071	134	senso	senso	linguistic	none	_	_	_	_	_	_
134-6	BO071	134	di	di	linguistic	none	_	_	_	_	_	_
134-7	BO071	134	eh	eh	linguistic	none	_	_	_	_	_	_
134-8	BO071	134	in	in	linguistic	none	_	_	_	_	_	_
134-9	BO071	134	siciliano	siciliano	linguistic	none	_	_	_	_	_	_
134-10	BO071	134	xx	x	unknown	none	_	End=290.35	_	_	_	_
135-0	BO072	135	((ride))	((ride))	nonverbalbehavior	none	_	Begin=290.111|End=290.565	_	_	_	_
136-0	BO071	136	a	a	linguistic	none	_	Begin=291.447	_	_	_	_
136-1	BO071	136	caso,	caso	linguistic	none	Intonation=weakly_rising	End=292.49	_	_	_	_
137-0	BO071	137	proprio	proprio	linguistic	none	_	Begin=293.029	_	_	_	_
137-1	BO071	137	(buttata)	buttata	linguistic	none	_	_	_	_	0-7(0)	_
137-2	BO071	137	a	a	linguistic	none	_	_	_	_	_	_
137-3	BO071	137	caso,	caso	linguistic	none	Intonation=weakly_rising	_	_	_	_	_
137-4	BO071	137	ma	ma	linguistic	none	_	_	_	_	_	_
137-5	BO071	137	in	in	linguistic	none	_	_	_	_	_	_
137-6	BO071	137	bresciano,	bresciano	linguistic	none	Intonation=weakly_rising	End=295.61	_	_	_	_
138-0	BO071	138	[in	in	linguistic	none	_	Begin=295.741	_	_	_	0-2(15)
138-1	BO071	138	bresciano]	bresciano	linguistic	none	_	End=296.538	_	_	_	0-9(15)
139-0	BO072	139	[in	in	linguistic	none	_	Begin=295.741	_	_	_	0-2(15)
139-1	BO072	139	bresciano]	bresciano	linguistic	none	_	End=296.538	_	_	_	0-9(15)
140-0	BO072	140	com'	com'	linguistic	none	SpaceAfter=No	Begin=296.57	_	_	_	_
140-1	BO072	140	è	è	linguistic	none	_	_	_	_	_	_
140-2	BO072	140	successo?	successo	linguistic	none	Intonation=rising	End=297.44	_	_	_	_
141-0	BO071	141	è	è	linguistic	none	_	Begin=297.462	_	_	_	_
141-1	BO071	141	successo	successo	linguistic	none	_	_	_	_	_	_
141-2	BO071	141	coi	coi	linguistic	none	_	_	_	_	_	_
141-3	BO071	141	miei	miei	linguistic	none	_	_	_	_	_	_
141-4	BO071	141	nonni	nonni	linguistic	none	_	_	_	_	_	_
141-5	BO071	141	sì,	sì	linguistic	none	Intonation=weakly_rising	End=298.89	_	_	_	_
142-0	BO071	142	coi	coi	linguistic	none	_	Begin=299.285	_	_	_	_
142-1	BO071	142	miei	miei	linguistic	none	_	_	_	_	_	_
142-2	BO071	142	amici	amici	linguistic	none	_	_	_	_	_	_
142-3	BO071	142	no,	no	linguistic	none	Intonation=weakly_rising	End=300.421	_	_	_	_
143-0	BO072	143	in	in	linguistic	none	_	Begin=300.566	_	_	_	_
143-1	BO072	143	itali[ano	italiano	linguistic	none	_	_	_	_	_	5-8(16)
143-2	BO072	143	parla]te?	parlate	linguistic	none	Intonation=rising	End=301.296	_	_	_	0-5(16)
144-0	BO071	144	[sono:]	sono	linguistic	none	_	Begin=300.771|End=301.231	3x1	_	_	0-4(16)
145-0	BO071	145	sono	sono	linguistic	none	_	Begin=301.92	_	_	_	_
145-1	BO071	145	uno	uno	linguistic	none	_	_	_	_	_	_
145-2	BO071	145	dei	dei	linguistic	none	_	_	_	_	_	_
145-3	BO071	145	pochi	pochi	linguistic	none	_	_	_	_	_	_
145-4	BO071	145	che	che	linguistic	none	_	_	_	_	_	_
145-5	BO071	145	parla	parla	linguistic	none	_	_	_	_	_	_
145-6	BO071	145	il	il	linguistic	none	_	_	_	_	_	_
145-7	BO071	145	dialetto	dialetto	linguistic	none	_	_	_	_	_	_
145-8	BO071	145	coi	coi	linguistic	none	_	_	_	_	_	_
145-9	BO071	145	suoi,	suoi	linguistic	none	Intonation=weakly_rising	End=304.56	_	_	_	_
146-0	BO072	146	davvero?	davvero	linguistic	none	Intonation=rising	Begin=305.29|End=305.75	_	_	_	_
147-0	BO071	147	mh	mh	linguistic	none	_	Begin=305.771|End=306.171	_	_	_	_
148-0	BO071	148	però	però	linguistic	none	_	Begin=306.412	_	_	_	_
148-1	BO071	148	ho	ho	linguistic	none	_	_	_	_	_	_
148-2	BO071	148	capito	capito	linguistic	none	_	_	_	_	_	_
148-3	BO071	148	[xxxxxx]	x	unknown	none	_	End=309.16	_	_	_	0-6(17)
149-0	BO072	149	[xxxxx]	x	unknown	none	_	Begin=307.72	_	_	_	0-5(17)
149-1	BO072	149	tipo	tipo	linguistic	none	_	_	_	_	_	_
149-2	BO072	149	al	al	linguistic	none	_	_	_	_	_	_
149-3	BO072	149	nord	nord	linguistic	none	_	_	_	_	_	_
149-4	BO072	149	avete	avete	linguistic	none	_	_	_	_	_	_
149-5	BO072	149	nomi	nomi	linguistic	none	_	_	_	_	_	_
149-6	BO072	149	diversi	diversi	linguistic	none	_	_	_	_	_	_
149-7	BO072	149	xxxxxxxx?	xxxxxxxx	linguistic	none	Intonation=rising	End=312.637	_	_	_	_
150-0	BO021	150	(vero)?	vero	linguistic	none	Intonation=rising	Begin=312.637|End=313.53	_	_	0-4(0)	_
151-0	BO021	151	mi	mi	linguistic	none	_	Begin=313.61	_	_	_	_
151-1	BO021	151	spiace	spiace	linguistic	none	_	_	_	_	_	_
151-2	BO021	151	un	un	linguistic	none	_	_	_	_	_	_
151-3	BO021	151	sacco	sacco	linguistic	none	_	End=314.4	_	_	_	_
152-0	BO021	152	cioè	cioè	linguistic	none	_	Begin=314.482	_	_	_	_
152-1	BO021	152	solamente	solamente	linguistic	none	_	_	_	_	_	_
152-2	BO021	152	tipo	tipo	linguistic	none	_	_	_	_	_	_
152-3	BO021	152	se	se	linguistic	none	_	_	_	_	_	_
152-4	BO021	152	vai:,	vai	linguistic	none	Intonation=weakly_rising	End=316.49	2x1	_	_	_
153-0	BO048	153	xxx	x	unknown	none	_	Begin=317.421	_	_	_	_
153-1	BO048	153	si	si	linguistic	none	_	_	_	_	_	_
153-2	BO048	153	lì	lì	linguistic	none	_	_	_	_	_	_
153-3	BO048	153	nel	nel	linguistic	none	_	_	_	_	_	_
153-4	BO048	153	veneto	veneto	linguistic	none	_	End=318.977	_	_	_	_
154-0	BO021	154	no	no	linguistic	none	_	Begin=318.977	_	_	_	_
154-1	BO021	154	in	in	linguistic	none	_	_	_	_	_	_
154-2	BO021	154	veneto	veneto	linguistic	none	_	_	_	_	_	_
154-3	BO021	154	e	e	linguistic	none	_	_	_	_	_	_
154-4	BO021	154	in	in	linguistic	none	_	_	_	_	_	_
154-5	BO021	154	trentino	trentino	linguistic	none	_	_	_	_	_	_
154-6	BO021	154	parlano	parlano	linguistic	none	_	_	_	_	_	_
154-7	BO021	154	un	un	linguistic	none	_	_	_	_	_	_
154-8	BO021	154	sacco	sacco	linguistic	none	_	End=321.349	_	_	_	_
155-0	BO021	155	veneto,	veneto	linguistic	none	Intonation=weakly_rising	Begin=322.17	_	_	_	_
155-1	BO021	155	e	e	linguistic	none	_	_	_	_	_	_
155-2	BO021	155	trentino,	trentino	linguistic	none	Intonation=weakly_rising	_	_	_	_	_
155-3	BO021	155	e	e	linguistic	none	_	_	_	_	_	_
155-4	BO021	155	anche	anche	linguistic	none	_	_	_	_	_	_
155-5	BO021	155	in	in	linguistic	none	_	_	_	_	_	_
155-6	BO021	155	friuli	friuli	linguistic	none	_	_	_	_	_	_
155-7	BO021	155	parlano	parlano	linguistic	none	_	_	_	_	_	_
155-8	BO021	155	un	un	linguistic	none	_	_	_	_	_	_
155-9	BO021	155	sacco	sacco	linguistic	none	_	_	_	_	_	_
155-10	BO021	155	in	in	linguistic	none	_	_	_	_	_	_
155-11	BO021	155	dialetto,	dialetto	linguistic	none	Intonation=weakly_rising	End=326.03	_	_	_	_
156-0	BO021	156	però::	però	linguistic	none	_	Begin=326.123|End=326.762	3x2	_	_	_
157-0	BO072	157	in	in	linguistic	none	_	Begin=327.509	_	_	_	_
157-1	BO072	157	veneto	veneto	linguistic	none	_	_	_	_	_	_
157-2	BO072	157	sì,	sì	linguistic	none	Intonation=weakly_rising	End=328.383	_	_	_	_
158-0	BO071	158	in	in	linguistic	none	_	Begin=328.383	_	_	_	_
158-1	BO071	158	veneto	veneto	linguistic	none	_	_	_	_	_	_
158-2	BO071	158	sì,	sì	linguistic	none	Intonation=weakly_rising	_	_	_	_	_
158-3	BO071	158	(.)	[PAUSE]	shortpause	none	_	_	_	_	_	_
158-4	BO071	158	confermo.	confermo	linguistic	none	Intonation=falling	End=330.183	_	_	_	_
159-0	BO071	159	trentino	trentino	linguistic	none	_	Begin=330.183	_	_	_	_
159-1	BO071	159	non	non	linguistic	none	_	_	_	_	_	_
159-2	BO071	159	lo	lo	linguistic	none	_	_	_	_	_	_
159-3	BO071	159	so	so	linguistic	none	_	End=331.261	_	_	_	_
160-0	BO021	160	in	in	linguistic	none	_	Begin=331.607	_	_	_	_
160-1	BO021	160	trentino	trentino	linguistic	none	_	_	_	_	_	_
160-2	BO021	160	si	si	linguistic	none	_	_	_	_	_	_
160-3	BO021	160	ogni	ogni	linguistic	none	_	_	_	_	_	_
160-4	BO021	160	tanto	tanto	linguistic	none	_	_	_	_	_	_
160-5	BO021	160	quando	quando	linguistic	none	_	_	_	_	_	_
160-6	BO021	160	stefania	stefania	linguistic	none	_	_	_	_	_	_
160-7	BO021	160	mi	mi	linguistic	none	_	_	_	_	_	_
160-8	BO021	160	riporta	riporta	linguistic	none	_	_	_	_	_	_
160-9	BO021	160	le	le	linguistic	none	_	_	_	_	_	_
160-10	BO021	160	conversazioni	conversazioni	linguistic	none	_	_	_	_	_	_
160-11	BO021	160	tra	tra	linguistic	none	_	_	_	_	_	_
160-12	BO021	160	lei	lei	linguistic	none	_	_	_	_	_	_
160-13	BO021	160	e	e	linguistic	none	_	_	_	_	_	_
160-14	BO021	160	il	il	linguistic	none	_	_	_	_	_	_
160-15	BO021	160	padre	padre	linguistic	none	_	_	_	_	_	_
160-16	BO021	160	o	o	linguistic	none	_	_	_	_	_	_
160-17	BO021	160	lei	lei	linguistic	none	_	_	_	_	_	_
160-18	BO021	160	e	e	linguistic	none	_	_	_	_	_	_
160-19	BO021	160	il	il	linguistic	none	_	_	_	_	_	_
160-20	BO021	160	nonno	nonno	linguistic	none	_	_	_	_	_	_
160-21	BO021	160	son	son	linguistic	none	_	_	_	_	_	_
160-22	BO021	160	tutte	tutte	linguistic	none	_	_	_	_	_	_
160-23	BO021	160	in	in	linguistic	none	_	_	_	_	_	_
160-24	BO021	160	trentino.	trentino	linguistic	none	Intonation=falling	End=337.757	_	_	_	_
161-0	BO072	161	xxxxxxxxxxxxxxxxxxxx	x	unknown	none	_	Begin=337.777|End=342.144	_	_	_	_
162-0	BO072	162	gli	gli	linguistic	none	_	Begin=342.144	_	_	_	_
162-1	BO072	162	amici	amici	linguistic	none	_	_	_	_	_	_
162-2	BO072	162	le	le	linguistic	none	_	_	_	_	_	_
162-3	BO072	162	conoscenze	conoscenze	linguistic	none	_	_	_	_	_	_
162-4	BO072	162	varie	varie	linguistic	none	_	End=343.96	_	_	_	_
163-0	BO072	163	e	e	linguistic	none	_	Begin=344.444	_	_	_	_
163-1	BO072	163	qua	qua	linguistic	none	_	_	_	_	_	_
163-2	BO072	163	si	si	linguistic	none	_	_	_	_	_	_
163-3	BO072	163	parla	parla	linguistic	none	_	_	_	_	_	_
163-4	BO072	163	molto	molto	linguistic	none	_	_	_	_	_	_
163-5	BO072	163	in	in	linguistic	none	_	_	_	_	_	_
163-6	BO072	163	italiano,	italiano	linguistic	none	Intonation=weakly_rising	End=346.412	_	_	_	_
164-0	BO021	164	io	io	linguistic	none	_	Begin=347.884	_	_	_	_
164-1	BO021	164	parlo	parlo	linguistic	none	_	_	_	_	_	_
164-2	BO021	164	moltissimo	moltissimo	linguistic	none	_	_	_	_	_	_
164-3	BO021	164	in	in	linguistic	none	_	_	_	_	_	_
164-4	BO021	164	dialetto,	dialetto	linguistic	none	Intonation=weakly_rising	End=349.41	_	_	_	_
165-0	BO072	165	eh	eh	linguistic	none	_	Begin=349.41	_	_	_	_
165-1	BO072	165	ma	ma	linguistic	none	_	_	_	_	_	_
165-2	BO072	165	perché	perché	linguistic	none	_	_	_	_	_	_
165-3	BO072	165	al	al	linguistic	none	_	_	_	_	_	_
165-4	BO072	165	sud	sud	linguistic	none	_	_	_	_	_	_
165-5	BO072	165	è	è	linguistic	none	_	_	_	_	_	_
165-6	BO072	165	diverso,	diverso	linguistic	none	Intonation=weakly_rising	End=350.824	_	_	_	_
166-0	BO021	166	anzi	anzi	linguistic	none	_	Begin=350.824	_	_	_	_
166-1	BO021	166	tantissime	tantissime	linguistic	none	_	_	_	_	_	_
166-2	BO021	166	cose	cose	linguistic	none	_	_	_	_	_	_
166-3	BO021	166	le	le	linguistic	none	_	_	_	_	_	_
166-4	BO021	166	ho	ho	linguistic	none	_	_	_	_	_	_
166-5	BO021	166	propro	propro	linguistic	none	_	_	_	_	_	_
166-6	BO021	166	perse	perse	linguistic	none	_	_	_	_	_	_
166-7	BO021	166	cioè	cioè	linguistic	none	_	_	_	_	_	_
166-8	BO021	166	molte	molte	linguistic	none	_	_	_	_	_	_
166-9	BO021	166	espressioni	espressioni	linguistic	none	_	_	_	_	_	_
166-10	BO021	166	che	che	linguistic	none	_	_	_	_	_	_
166-11	BO021	166	giù	giù	linguistic	none	_	_	_	_	_	_
166-12	BO021	166	usavo	usavo	linguistic	none	_	_	_	_	_	_
166-13	BO021	166	quotidianamene	quotidianamene	linguistic	none	_	_	_	_	_	_
166-14	BO021	166	ora	ora	linguistic	none	_	_	_	_	_	_
166-15	BO021	166	mo	mo	linguistic	none	_	_	_	_	_	_
166-16	BO021	166	non	non	linguistic	none	_	_	_	_	_	_
166-17	BO021	166	le	le	linguistic	none	_	_	_	_	_	_
166-18	BO021	166	uso	uso	linguistic	none	_	_	_	_	_	_
166-19	BO021	166	quasi	quasi	linguistic	none	_	_	_	_	_	_
166-20	BO021	166	più	più	linguistic	none	_	_	_	_	_	_
166-21	BO021	166	praticamente	praticamente	linguistic	none	_	End=357.059	_	_	_	_
167-0	BO021	167	xxx	x	unknown	none	_	Begin=358.001	_	_	_	_
167-1	BO021	167	non	non	linguistic	none	_	_	_	_	_	_
167-2	BO021	167	le	le	linguistic	none	_	_	_	_	_	_
167-3	BO021	167	dico	dico	linguistic	none	_	_	_	_	_	_
167-4	BO021	167	più	più	linguistic	none	_	_	_	_	_	_
167-5	BO021	167	[da]	da	linguistic	none	_	_	_	_	_	0-2(18)
167-6	BO021	167	un	un	linguistic	none	_	_	_	_	_	_
167-7	BO021	167	se~	se~	linguistic	none	Interrupted=Yes	End=360.734	_	_	_	_
168-0	BO071	168	[eh]?	eh	linguistic	none	Intonation=rising	Begin=360.0|End=360.374	_	_	_	0-2(18)
169-0	BO021	169	(pu	pu	linguistic	none	_	Begin=360.817	_	_	0-2(0)	_
169-1	BO021	169	zittà	zittà	linguistic	none	_	_	_	_	0-5(0)	_
169-2	BO021	169	un	un	linguistic	none	_	_	_	_	0-2(0)	_
169-3	BO021	169	blen)	blen	linguistic	none	_	End=362.498	_	_	0-4(0)	_
170-0	BO072	170	hai	hai	linguistic	none	_	Begin=363.62	_	_	_	_
170-1	BO072	170	sottolineato	sottolineato	linguistic	none	_	_	_	_	_	_
170-2	BO072	170	il	il	linguistic	none	_	_	_	_	_	_
170-3	BO072	170	momento?	momento	linguistic	none	Intonation=rising	End=364.982	_	_	_	_
171-0	BO071	171	ho	ho	linguistic	none	_	Begin=364.982	_	_	_	_
171-1	BO071	171	sottolineato	sottolineato	linguistic	none	_	_	_	_	_	_
171-2	BO071	171	(puzzittobbulino)	puzzittobbulino	linguistic	none	_	End=366.625	_	_	0-15(0)	_
172-0	BO021	172	((ride))	((ride))	nonverbalbehavior	none	_	Begin=367.059|End=367.619	_	_	_	_
173-0	BO072	173	[xxxx]	x	unknown	none	_	Begin=369.126	_	_	_	0-4(19)
173-1	BO072	173	dire	dire	linguistic	none	_	_	_	_	_	_
173-2	BO072	173	se	se	linguistic	none	_	_	_	_	_	_
173-3	BO072	173	ti	ti	linguistic	none	_	_	_	_	_	_
173-4	BO072	173	volessero	volessero	linguistic	none	_	_	_	_	_	_
173-5	BO072	173	xxx	x	unknown	none	_	_	_	_	_	_
173-6	BO072	173	il	il	linguistic	none	_	_	_	_	_	_
173-7	BO072	173	veleno?	veleno	linguistic	none	Intonation=rising	End=371.213	_	_	_	_
174-0	BO021	174	[sarebbe]	sarebbe	linguistic	none	_	Begin=369.14|End=369.9	_	_	_	0-7(19)
175-0	BO021	175	che	che	linguistic	none	_	Begin=371.851	_	_	_	_
175-1	BO021	175	tu	tu	linguistic	none	_	_	_	_	_	_
175-2	BO021	175	possa	possa	linguistic	none	_	_	_	_	_	_
175-3	BO021	175	buttare	buttare	linguistic	none	_	_	_	_	_	_
175-4	BO021	175	il	il	linguistic	none	_	_	_	_	_	_
175-5	BO021	175	tuo	tuo	linguistic	none	_	_	_	_	_	_
175-6	BO021	175	veleno	veleno	linguistic	none	_	_	_	_	_	_
175-7	BO021	175	che	che	linguistic	none	_	_	_	_	_	_
175-8	BO021	175	è	è	linguistic	none	_	_	_	_	_	_
175-9	BO021	175	una	una	linguistic	none	_	_	_	_	_	_
175-10	BO021	175	variante	variante	linguistic	none	_	_	_	_	_	_
175-11	BO021	175	di	di	linguistic	none	_	_	_	_	_	_
175-12	BO021	175	(pu	pu	linguistic	none	_	_	_	_	0-2(0)	_
175-13	BO021	175	zzitt	zzitt	linguistic	none	_	_	_	_	0-5(0)	_
175-14	BO021	175	o	o	linguistic	none	_	_	_	_	0-1(0)	_
175-15	BO021	175	sang)	sang	linguistic	none	_	End=377.475	_	_	0-4(0)	_
176-0	BO021	176	possa	possa	linguistic	none	_	Begin=377.903	_	_	_	_
176-1	BO021	176	buttare	buttare	linguistic	none	_	_	_	_	_	_
176-2	BO021	176	il	il	linguistic	none	_	_	_	_	_	_
176-3	BO021	176	sangue,	sangue	linguistic	none	Intonation=weakly_rising	End=379.289	_	_	_	_
177-0	BO021	177	perché	perché	linguistic	none	_	Begin=379.357	_	_	_	_
177-1	BO021	177	veleno	veleno	linguistic	none	_	_	_	_	_	_
177-2	BO021	177	e	e	linguistic	none	_	_	_	_	_	_
177-3	BO021	177	sangue	sangue	linguistic	none	_	_	_	_	_	_
177-4	BO021	177	sono	sono	linguistic	none	_	_	_	_	_	_
177-5	BO021	177	visti	visti	linguistic	none	_	_	_	_	_	_
177-6	BO021	177	(molto	molto	linguistic	none	_	_	_	_	0-5(0)	_
177-7	BO021	177	simili)	simili	linguistic	none	_	End=382.523	_	_	0-6(0)	_
178-0	BO072	178	si?	si	linguistic	none	Intonation=rising	Begin=382.609|End=383.086	_	_	_	_
179-0	BO021	179	(pu	pu	linguistic	none	_	Begin=383.665	_	_	0-2(0)	_
179-1	BO021	179	zittà	zittà	linguistic	none	_	_	_	_	0-5(0)	_
179-2	BO021	179	u	u	linguistic	none	_	_	_	_	0-1(0)	_
179-3	BO021	179	velen)	velen	linguistic	none	_	_	_	_	0-5(0)	_
179-4	BO021	179	come	come	linguistic	none	_	_	_	_	_	_
179-5	BO021	179	variante	variante	linguistic	none	_	_	_	_	_	_
179-6	BO021	179	di	di	linguistic	none	_	_	_	_	_	_
179-7	BO021	179	(pu	pu	linguistic	none	_	_	_	_	0-2(1)	_
179-8	BO021	179	zit	zit	linguistic	none	_	_	_	_	0-3(1)	_
179-9	BO021	179	o	o	linguistic	none	_	_	_	_	0-1(1)	_
179-10	BO021	179	sang)	sang	linguistic	none	_	End=386.361	_	_	0-4(1)	_
180-0	BO072	180	io	io	linguistic	none	_	Begin=387.838	_	_	_	_
180-1	BO072	180	mi	mi	linguistic	none	_	_	_	_	_	_
180-2	BO072	180	[xxx]	x	unknown	none	_	End=389.011	_	_	_	0-3(20)
181-0	BO021	181	[ma	ma	linguistic	none	_	Begin=388.777	_	_	_	0-2(20)
181-1	BO021	181	pu	pu	linguistic	none	_	_	_	_	_	0-2(20)
181-2	BO021	181	zittà	zittà	linguistic	none	_	_	_	_	_	0-5(20)
181-3	BO021	181	u]	u	linguistic	none	_	_	_	_	_	0-1(20)
181-4	BO021	181	b:len	blen	linguistic	none	_	_	0x1	_	_	_
181-5	BO021	181	è	è	linguistic	none	_	_	_	_	_	_
181-6	BO021	181	proprio	proprio	linguistic	none	_	_	_	_	_	_
181-7	BO021	181	quella	quella	linguistic	none	_	_	_	_	_	_
181-8	BO021	181	b:leno,	bleno	linguistic	none	Intonation=weakly_rising	End=391.619	0x1	_	_	_
182-0	BO072	182	da	da	linguistic	none	_	Begin=392.292	_	_	_	_
182-1	BO072	182	piccolo	piccolo	linguistic	none	_	_	_	_	_	_
182-2	BO072	182	a	a	linguistic	none	_	_	_	_	_	_
182-3	BO072	182	xxx	x	unknown	none	_	_	_	_	_	_
182-4	BO072	182	un	un	linguistic	none	_	_	_	_	_	_
182-5	BO072	182	vecchietto	vecchietto	linguistic	none	_	_	_	_	_	_
182-6	BO072	182	napoletano	napoletano	linguistic	none	_	_	_	_	_	_
182-7	BO072	182	mi	mi	linguistic	none	_	_	_	_	_	_
182-8	BO072	182	ha	ha	linguistic	none	_	_	_	_	_	_
182-9	BO072	182	bestemmiato	bestemmiato	linguistic	none	_	_	_	_	_	_
182-10	BO072	182	i	i	linguistic	none	_	_	_	_	_	_
182-11	BO072	182	morti	morti	linguistic	none	_	_	_	_	_	_
182-12	BO072	182	per	per	linguistic	none	_	_	_	_	_	_
182-13	BO072	182	quindici	quindici	linguistic	none	_	_	_	_	_	_
182-14	BO072	182	minuti,	minuti	linguistic	none	Intonation=weakly_rising	End=397.09	_	_	_	_
183-0	BO072	183	[avevo	avevo	linguistic	none	_	Begin=397.502	_	_	_	0-5(21)
183-1	BO072	183	sette	sette	linguistic	none	_	_	_	_	_	0-5(21)
183-2	BO072	183	anni]	anni	linguistic	none	_	End=398.491	_	_	_	0-4(21)
184-0	BO021	184	[ah	ah	linguistic	none	_	Begin=397.502	_	_	_	0-2(21)
184-1	BO021	184	eh	eh	linguistic	none	_	_	_	_	_	0-2(21)
184-2	BO021	184	s~]	s~	linguistic	none	Interrupted=Yes	_	_	_	_	0-2(21)
184-3	BO021	184	è	è	linguistic	none	_	_	_	_	_	_
184-4	BO021	184	perché	perché	linguistic	none	_	_	_	_	_	_
184-5	BO021	184	noi	noi	linguistic	none	_	_	_	_	_	_
184-6	BO021	184	ce	ce	linguistic	none	_	_	_	_	_	_
184-7	BO021	184	l'	l'	linguistic	none	SpaceAfter=No	_	_	_	_	_
184-8	BO021	184	abbiamo	abbiamo	linguistic	none	_	_	_	_	_	_
184-9	BO021	184	molto	molto	linguistic	none	_	_	_	_	_	_
184-10	BO021	184	coi	coi	linguistic	none	_	_	_	_	_	_
184-11	BO021	184	morti	morti	linguistic	none	_	End=400.088	_	_	_	_
185-0	BO071	185	eh	eh	linguistic	none	_	Begin=400.286	_	_	_	_
185-1	BO071	185	ma	ma	linguistic	none	_	_	_	_	_	_
185-2	BO071	185	perché	perché	linguistic	none	_	_	_	_	_	_
185-3	BO071	185	proprio	proprio	linguistic	none	_	_	_	_	_	_
185-4	BO071	185	coi	coi	linguistic	none	_	_	_	_	_	_
185-5	BO071	185	[morti]?	morti	linguistic	none	Intonation=rising	End=401.905	_	_	_	0-5(22)
186-0	BO072	186	[avevo]	avevo	linguistic	none	_	Begin=401.425	_	_	_	0-5(22)
186-1	BO072	186	sette	sette	linguistic	none	_	_	_	_	_	_
186-2	BO072	186	anni	anni	linguistic	none	_	_	_	_	_	_
186-3	BO072	186	era	era	linguistic	none	_	_	_	_	_	_
186-4	BO072	186	cattivissimo	cattivissimo	linguistic	none	_	_	_	_	_	_
186-5	BO072	186	dovevi	dovevi	linguistic	none	_	_	_	_	_	_
186-6	BO072	186	sentirlo	sentirlo	linguistic	none	_	_	_	_	_	_
186-7	BO072	186	((fa_versi))	((fa_versi))	nonverbalbehavior	none	_	End=404.509	_	_	_	_
187-0	BO072	187	mi	mi	linguistic	none	_	Begin=404.509	_	_	_	_
187-1	BO072	187	stavo	stavo	linguistic	none	_	_	_	_	_	_
187-2	BO072	187	mettendo	mettendo	linguistic	none	_	_	_	_	_	_
187-3	BO072	187	giù	giù	linguistic	none	_	_	_	_	_	_
187-4	BO072	187	con	con	linguistic	none	_	_	_	_	_	_
187-5	BO072	187	la	la	linguistic	none	_	_	_	_	_	_
187-6	BO072	187	bici	bici	linguistic	none	_	_	_	_	_	_
187-7	BO072	187	mi	mi	linguistic	none	_	_	_	_	_	_
187-8	BO072	187	sa	sa	linguistic	none	_	_	_	_	_	_
187-9	BO072	187	roba	roba	linguistic	none	_	_	_	_	_	_
187-10	BO072	187	del	del	linguistic	none	_	_	_	_	_	_
187-11	BO072	187	[genere],	genere	linguistic	none	Intonation=weakly_rising	End=407.602	_	_	_	0-6(23)
188-0	BO071	188	[ah	ah	linguistic	none	_	Begin=406.85	_	_	_	0-2(23)
188-1	BO071	188	ah	ah	linguistic	none	_	_	_	_	_	0-2(23)
188-2	BO071	188	pr]oprio:	proprio	linguistic	none	_	End=407.89	6x1	_	_	0-2(23)
189-0	BO071	189	[innoce]nte	innocente	linguistic	none	_	Begin=408.028|End=409.194	_	_	_	0-6(24)
190-0	BO072	190	[cattivissimo]	cattivissimo	linguistic	none	_	Begin=408.056|End=408.991	_	_	_	0-12(24)
191-0	BO072	191	innocenti[ssimo]	innocentissimo	linguistic	none	_	Begin=409.24|End=410.266	_	_	_	9-14(25)
192-0	BO071	192	[ci	ci	linguistic	none	_	Begin=409.83	_	_	_	0-2(25)
192-1	BO071	192	sei]	sei	linguistic	none	_	_	_	_	_	0-3(25)
192-2	BO071	192	rimasto	rimasto	linguistic	none	_	_	_	_	_	_
192-3	BO071	192	traumatizzato	traumatizzato	linguistic	none	_	_	_	_	_	_
192-4	BO071	192	che	che	linguistic	none	_	_	_	_	_	_
192-5	BO071	192	hai	hai	linguistic	none	_	_	_	_	_	_
192-6	BO071	192	deciso	deciso	linguistic	none	_	_	_	_	_	_
192-7	BO071	192	di	di	linguistic	none	_	_	_	_	_	_
192-8	BO071	192	diventar	diventar	linguistic	none	_	_	_	_	_	_
192-9	BO071	192	maurizio	maurizio	linguistic	none	_	_	_	_	_	_
192-10	BO071	192	malvivente,	malvivente	linguistic	none	Intonation=weakly_rising	End=412.99	_	_	_	_
193-0	BO021	193	((ride))	((ride))	nonverbalbehavior	none	_	Begin=413.651|End=414.137	_	_	_	_
194-0	BO072	194	con	con	linguistic	none	_	Begin=414.999	_	_	_	_
194-1	BO072	194	i	i	linguistic	none	_	_	_	_	_	_
194-2	BO072	194	coltelli	coltelli	linguistic	none	_	_	_	_	_	_
194-3	BO072	194	sono	sono	linguistic	none	_	_	_	_	_	_
194-4	BO072	194	da	da	linguistic	none	_	_	_	_	_	_
194-5	BO072	194	portare	portare	linguistic	none	_	_	_	_	_	_
194-6	BO072	194	i:n	in	linguistic	none	_	_	0x1	_	_	_
194-7	BO072	194	xxx	x	unknown	none	_	End=417.267	_	_	_	_
195-0	BO071	195	sono	sono	linguistic	none	_	Begin=417.267	_	_	_	_
195-1	BO071	195	tutt'	tutt'	linguistic	none	SpaceAfter=No	_	_	_	_	_
195-2	BO071	195	ora	ora	linguistic	none	_	_	_	_	_	_
195-3	BO071	195	nascosti	nascosti	linguistic	none	_	_	_	_	_	_
195-4	BO071	195	nelle	nelle	linguistic	none	_	_	_	_	_	_
195-5	BO071	195	tue	tue	linguistic	none	_	_	_	_	_	_
195-6	BO071	195	mani	mani	linguistic	none	_	End=420.574	_	_	_	_
196-0	BO072	196	(miao)	miao	linguistic	none	_	Begin=420.978|End=421.823	_	_	0-4(0)	_
197-0	BO021	197	((ride))	((ride))	nonverbalbehavior	none	_	Begin=422.099|End=422.525	_	_	_	_
198-0	BO072	198	me	me	linguistic	none	_	Begin=424.423	_	_	_	_
198-1	BO072	198	li	li	linguistic	none	_	_	_	_	_	_
198-2	BO072	198	porto	porto	linguistic	none	_	_	_	_	_	_
198-3	BO072	198	pure	pure	linguistic	none	_	_	_	_	_	_
198-4	BO072	198	alla	alla	linguistic	none	_	_	_	_	_	_
198-5	BO072	198	discusione	discusione	linguistic	none	_	_	_	_	_	_
198-6	BO072	198	di	di	linguistic	none	_	_	_	_	_	_
198-7	BO072	198	laurea,	laurea	linguistic	none	Intonation=weakly_rising	End=426.285	_	_	_	_
199-0	BO072	199	xxx	x	unknown	none	_	Begin=427.564	_	_	_	_
199-1	BO072	199	buttando	buttando	linguistic	none	_	_	_	_	_	_
199-2	BO072	199	un	un	linguistic	none	_	_	_	_	_	_
199-3	BO072	199	coltello	coltello	linguistic	none	_	_	_	_	_	_
199-4	BO072	199	sul	sul	linguistic	none	_	_	_	_	_	_
199-5	BO072	199	tavolo,	tavolo	linguistic	none	Intonation=weakly_rising	End=429.763	_	_	_	_
200-0	BO021	200	((ride))	((ride))	nonverbalbehavior	none	_	Begin=429.974|End=430.345	_	_	_	_
201-0	BO071	201	no	no	linguistic	none	_	Begin=431.386	_	_	_	_
201-1	BO071	201	dovresti	dovresti	linguistic	none	_	_	_	_	_	_
201-2	BO071	201	bloccare	bloccare	linguistic	none	_	_	_	_	_	_
201-3	BO071	201	la	la	linguistic	none	_	_	_	_	_	_
201-4	BO071	201	tua	tua	linguistic	none	_	_	_	_	_	_
201-5	BO071	201	tesi	tesi	linguistic	none	_	_	_	_	_	_
201-6	BO071	201	a	a	linguistic	none	_	_	_	_	_	_
201-7	BO071	201	[metà	metà	linguistic	none	_	_	_	_	_	0-4(26)
201-8	BO071	201	xxx]	x	unknown	none	_	End=434.044	_	_	_	0-3(26)
202-0	BO072	202	[xxxx	x	unknown	none	_	Begin=433.027	_	_	_	0-4(26)
202-1	BO072	202	in]cipit	incipit	linguistic	none	_	End=434.762	_	_	_	0-2(26)
203-0	BO072	203	ora	ora	linguistic	none	_	Begin=437.64	_	_	_	_
203-1	BO072	203	parliamo	parliamo	linguistic	none	_	_	_	_	_	_
203-2	BO072	203	del	del	linguistic	none	_	_	_	_	_	_
203-3	BO072	203	xxx	x	unknown	none	_	End=439.38	_	_	_	_
204-0	BO071	204	no	no	linguistic	none	_	Begin=440.791	_	_	_	_
204-1	BO071	204	sai	sai	linguistic	none	_	_	_	_	_	_
204-2	BO071	204	cosa	cosa	linguistic	none	_	_	_	_	_	_
204-3	BO071	204	dovresti	dovresti	linguistic	none	_	_	_	_	_	_
204-4	BO071	204	fare	fare	linguistic	none	_	_	_	_	_	_
204-5	BO071	204	prendere	prendere	linguistic	none	_	_	_	_	_	_
204-6	BO071	204	la	la	linguistic	none	_	_	_	_	_	_
204-7	BO071	204	foto	foto	linguistic	none	_	_	_	_	_	_
204-8	BO071	204	dei	dei	linguistic	none	_	_	_	_	_	_
204-9	BO071	204	figli	figli	linguistic	none	_	_	_	_	_	_
204-10	BO071	204	de::	de	linguistic	none	_	End=443.82	1x2	_	_	_
205-0	BO071	205	del	del	linguistic	none	_	Begin=443.99	_	_	_	_
205-1	BO071	205	figlio	figlio	linguistic	none	_	_	_	_	_	_
205-2	BO071	205	del	del	linguistic	none	_	_	_	_	_	_
205-3	BO071	205	ehm::	ehm	linguistic	none	_	End=446.496	2x2	_	_	_
206-0	BO071	206	del	del	linguistic	none	_	Begin=447.05	_	_	_	_
206-1	BO071	206	capo	capo	linguistic	none	_	_	_	_	_	_
206-2	BO071	206	commissione,	commissione	linguistic	none	Intonation=weakly_rising	End=448.199	_	_	_	_
207-0	BO071	207	e	e	linguistic	none	_	Begin=448.69	_	_	_	_
207-1	BO071	207	(jumpargliela)	jumpargliela	linguistic	none	_	_	_	_	0-12(0)	_
207-2	BO071	207	così,	così	linguistic	none	Intonation=weakly_rising	_	_	_	_	_
207-3	BO071	207	tipo	tipo	linguistic	none	_	End=450.34	_	_	_	_
208-0	BO021	208	una	una	linguistic	none	_	Begin=451.303	_	_	_	_
208-1	BO021	208	tipa	tipa	linguistic	none	_	_	_	_	_	_
208-2	BO021	208	ha	ha	linguistic	none	_	_	_	_	_	_
208-3	BO021	208	disegnato	disegnato	linguistic	none	_	_	_	_	_	_
208-4	BO021	208	sopra	sopra	linguistic	none	_	_	_	_	_	_
208-5	BO021	208	il	il	linguistic	none	_	_	_	_	_	_
208-6	BO021	208	simbolo	simbolo	linguistic	none	_	_	_	_	_	_
208-7	BO021	208	del	del	linguistic	none	_	_	_	_	_	_
208-8	BO021	208	mirino,	mirino	linguistic	none	Intonation=weakly_rising	End=453.832	_	_	_	_
209-0	BO071	209	esatto,	esatto	linguistic	none	Intonation=weakly_rising	Begin=453.832|End=454.548	_	_	_	_
210-0	BO071	210	oppure	oppure	linguistic	none	_	Begin=456.0	_	_	_	_
210-1	BO071	210	oppure	oppure	linguistic	none	_	_	_	_	_	_
210-2	BO071	210	u::h	uh	linguistic	none	_	_	0x2	_	_	_
210-3	BO071	210	ho	ho	linguistic	none	_	_	_	_	_	_
210-4	BO071	210	un	un	linguistic	none	_	_	_	_	_	_
210-5	BO071	210	laser	laser	linguistic	none	_	_	_	_	_	_
210-6	BO071	210	a	a	linguistic	none	_	_	_	_	_	_
210-7	BO071	210	casa	casa	linguistic	none	_	_	_	_	_	_
210-8	BO071	210	da	da	linguistic	none	_	_	_	_	_	_
210-9	BO071	210	una	una	linguistic	none	_	_	_	_	_	_
210-10	BO071	210	finestra	finestra	linguistic	none	_	_	_	_	_	_
210-11	BO071	210	li	li	linguistic	none	_	_	_	_	_	_
210-12	BO071	210	punto	punto	linguistic	none	_	_	_	_	_	_
210-13	BO071	210	tutti,	tutti	linguistic	none	Intonation=weakly_rising	End=460.227	_	_	_	_
211-0	BO071	211	e	e	linguistic	none	_	Begin=462.613	_	_	_	_
211-1	BO071	211	tu	tu	linguistic	none	_	_	_	_	_	_
211-2	BO071	211	fai	fai	linguistic	none	_	_	_	_	_	_
211-3	BO071	211	(.)	[PAUSE]	shortpause	none	_	_	_	_	_	_
211-4	BO071	211	dai	dai	linguistic	none	_	End=463.95	_	_	_	_
212-0	BO072	212	quanti	quanti	linguistic	none	_	Begin=464.23	_	_	_	_
212-1	BO072	212	figli	figli	linguistic	none	_	_	_	_	_	_
212-2	BO072	212	sono?	sono	linguistic	none	Intonation=rising	_	_	_	_	_
212-3	BO072	212	due	due	linguistic	none	_	_	_	_	_	_
212-4	BO072	212	mh	mh	linguistic	none	_	End=465.98	_	_	_	_
213-0	BO021	213	((ride))	((ride))	nonverbalbehavior	none	_	Begin=467.48|End=467.957	_	_	_	_
214-0	BO072	214	laser	laser	linguistic	none	_	Begin=469.198	_	_	_	_
214-1	BO072	214	in	in	linguistic	none	_	_	_	_	_	_
214-2	BO072	214	(pratica)?	pratica	linguistic	none	Intonation=rising	End=470.636	_	_	0-7(0)	_
215-0	BO072	215	questo	questo	linguistic	none	_	Begin=471.515	_	_	_	_
215-1	BO072	215	no	no	linguistic	none	_	_	_	_	_	_
215-2	BO072	215	proprio	proprio	linguistic	none	_	End=472.039	_	_	_	_
216-0	BO071	216	che	che	linguistic	none	_	Begin=472.039	_	_	_	_
216-1	BO071	216	poi	poi	linguistic	none	_	_	_	_	_	_
216-2	BO071	216	ho	ho	linguistic	none	_	_	_	_	_	_
216-3	BO071	216	anche	anche	linguistic	none	_	_	_	_	_	_
216-4	BO071	216	ho	ho	linguistic	none	_	_	_	_	_	_
216-5	BO071	216	l'	l'	linguistic	none	SpaceAfter=No	_	_	_	_	_
216-6	BO071	216	anche	anche	linguistic	none	_	_	_	_	_	_
216-7	BO071	216	quello	quello	linguistic	none	_	_	_	_	_	_
216-8	BO071	216	che	che	linguistic	none	_	_	_	_	_	_
216-9	BO071	216	da	da	linguistic	none	_	_	_	_	_	_
216-10	BO071	216	noi	noi	linguistic	none	_	_	_	_	_	_
216-11	BO071	216	si	si	linguistic	none	_	_	_	_	_	_
216-12	BO071	216	chiama	chiama	linguistic	none	_	_	_	_	_	_
216-13	BO071	216	laser	laser	linguistic	none	_	_	_	_	_	_
216-14	BO071	216	napoletano,	napoletano	linguistic	none	Intonation=weakly_rising	End=475.528	_	_	_	_
217-0	BO072	217	xxxx	x	unknown	none	_	Begin=476.628	_	_	_	_
217-1	BO072	217	[xx]	x	unknown	none	_	End=477.679	_	_	_	0-2(27)
218-0	BO021	218	[che]	che	linguistic	none	_	Begin=477.31	_	_	_	0-3(27)
218-1	BO021	218	sarebbe?	sarebbe	linguistic	none	Intonation=rising	End=477.95	_	_	_	_
219-0	BO071	219	che	che	linguistic	none	_	Begin=477.98	_	_	_	_
219-1	BO071	219	sare~	sare~	linguistic	none	Interrupted=Yes	End=478.433	_	_	_	_
220-0	BO021	220	mica	mica	linguistic	none	_	Begin=478.418	_	_	_	_
220-1	BO021	220	quelle	quelle	linguistic	none	_	_	_	_	_	_
220-2	BO021	220	lucerel[le	lucerelle	linguistic	none	_	_	_	_	_	7-9(28)
220-3	BO021	220	schifo]se	schifose	linguistic	none	_	_	_	_	_	0-6(28)
220-4	BO021	220	verdi	verdi	linguistic	none	_	_	_	_	_	_
220-5	BO021	220	che	che	linguistic	none	_	_	_	_	_	_
220-6	BO021	220	un	un	linguistic	none	_	_	_	_	_	_
220-7	BO021	220	poco	poco	linguistic	none	_	_	_	_	_	_
220-8	BO021	220	girano	girano	linguistic	none	_	_	_	_	_	_
220-9	BO021	220	un	un	linguistic	none	_	_	_	_	_	_
220-10	BO021	220	po'	po'	linguistic	none	_	_	_	_	_	_
220-11	BO021	220	fanno	fanno	linguistic	none	_	_	_	_	_	_
220-12	BO021	220	u::?	u	linguistic	none	Intonation=rising	End=482.44	0x2	_	_	_
221-0	BO071	221	[verde]	verde	linguistic	none	_	Begin=479.14|End=479.67	_	_	_	0-5(29)
222-0	BO072	222	il	il	linguistic	none	_	Begin=482.41	_	_	_	_
222-1	BO072	222	laser	laser	linguistic	none	_	_	_	_	_	_
222-2	BO072	222	napoletano?	napoletano	linguistic	none	Intonation=rising	End=483.84	_	_	_	_
223-0	BO071	223	si	si	linguistic	none	_	Begin=483.98	_	_	_	_
223-1	BO071	223	perché	perché	linguistic	none	_	_	_	_	_	_
223-2	BO071	223	è	è	linguistic	none	_	_	_	_	_	_
223-3	BO071	223	illegale,	illegale	linguistic	none	Intonation=weakly_rising	End=485.17	_	_	_	_
224-0	BO071	224	((ride))	((ride))	nonverbalbehavior	none	_	Begin=485.546|End=486.041	_	_	_	_
225-0	BO072	225	((ride))	((ride))	nonverbalbehavior	none	_	Begin=485.546|End=486.041	_	_	_	_
226-0	BO021	226	((ride))	((ride))	nonverbalbehavior	none	_	Begin=485.546|End=486.041	_	_	_	_
227-0	BO071	227	non	non	linguistic	none	_	Begin=488.27	_	_	_	_
227-1	BO071	227	sto	sto	linguistic	none	_	_	_	_	_	_
227-2	BO071	227	scherzando	scherzando	linguistic	none	_	_	_	_	_	_
227-3	BO071	227	purtroppo	purtroppo	linguistic	none	_	_	_	_	_	_
227-4	BO071	227	è	è	linguistic	none	_	_	_	_	_	_
227-5	BO071	227	così.	così	linguistic	none	Intonation=falling	End=490.55	_	_	_	_
228-0	BO021	228	no	no	linguistic	none	_	Begin=490.55	_	_	_	_
228-1	BO021	228	io	io	linguistic	none	_	_	_	_	_	_
228-2	BO021	228	l'	l'	linguistic	none	SpaceAfter=No	_	_	_	_	_
228-3	BO021	228	ho	ho	linguistic	none	_	_	_	_	_	_
228-4	BO021	228	visto	visto	linguistic	none	_	_	_	_	_	_
228-5	BO021	228	solo	solo	linguistic	none	_	_	_	_	_	_
228-6	BO021	228	dai	dai	linguistic	none	_	_	_	_	_	_
228-7	BO021	228	cinesi	cinesi	linguistic	none	_	_	_	_	_	_
228-8	BO021	228	in	in	linguistic	none	_	_	_	_	_	_
228-9	BO021	228	mezzzo	mezzzo	linguistic	none	_	_	_	_	_	_
228-10	BO021	228	alla	alla	linguistic	none	_	_	_	_	_	_
228-11	BO021	228	strada	strada	linguistic	none	_	_	_	_	_	_
228-12	BO021	228	però	però	linguistic	none	_	_	_	_	_	_
228-13	BO021	228	a	a	linguistic	none	_	_	_	_	_	_
228-14	BO021	228	napoli	napoli	linguistic	none	_	_	_	_	_	_
228-15	BO021	228	forse	forse	linguistic	none	_	_	_	_	_	_
228-16	BO021	228	[xxx]	x	unknown	none	_	End=494.835	_	_	_	0-3(31)
229-0	BO071	229	[eh	eh	linguistic	none	_	Begin=493.97	_	_	_	0-2(31)
229-1	BO071	229	si	si	linguistic	none	_	_	_	_	_	0-2(31)
229-2	BO071	229	eh]	eh	linguistic	none	_	_	_	_	_	0-2(31)
229-3	BO071	229	quello	quello	linguistic	none	_	_	_	_	_	_
229-4	BO071	229	è	è	linguistic	none	_	_	_	_	_	_
229-5	BO071	229	è	è	linguistic	none	_	_	_	_	_	_
229-6	BO071	229	illegale	illegale	linguistic	none	_	_	_	_	_	_
229-7	BO071	229	perché	perché	linguistic	none	_	End=496.45	_	_	_	_
230-0	BO071	230	se	se	linguistic	none	_	Begin=497.633	_	_	_	_
230-1	BO071	230	buttato	buttato	linguistic	none	_	_	_	_	_	_
230-2	BO071	230	sugli	sugli	linguistic	none	_	_	_	_	_	_
230-3	BO071	230	occhi	occhi	linguistic	none	_	_	_	_	_	_
230-4	BO071	230	fa	fa	linguistic	none	_	_	_	_	_	_
230-5	BO071	230	molto	molto	linguistic	none	_	_	_	_	_	_
230-6	BO071	230	male,	male	linguistic	none	Intonation=weakly_rising	End=499.934	_	_	_	_
231-0	BO071	231	proprio	proprio	linguistic	none	_	Begin=500.212	_	_	_	_
231-1	BO071	231	cioè	cioè	linguistic	none	_	_	_	_	_	_
231-2	BO071	231	è	è	linguistic	none	_	_	_	_	_	_
231-3	BO071	231	quello	quello	linguistic	none	_	_	_	_	_	_
231-4	BO071	231	che	che	linguistic	none	_	End=501.46	_	_	_	_
232-0	BO071	232	è	è	linguistic	none	_	Begin=502.079	_	_	_	_
232-1	BO071	232	talmente	talmente	linguistic	none	_	_	_	_	_	_
232-2	BO071	232	forte	forte	linguistic	none	_	_	_	_	_	_
232-3	BO071	232	che	che	linguistic	none	_	_	_	_	_	_
232-4	BO071	232	si	si	linguistic	none	_	_	_	_	_	_
232-5	BO071	232	vede	vede	linguistic	none	_	_	_	_	_	_
232-6	BO071	232	anche	anche	linguistic	none	_	_	_	_	_	_
232-7	BO071	232	il	il	linguistic	none	_	_	_	_	_	_
232-8	BO071	232	raggio	raggio	linguistic	none	_	_	_	_	_	_
232-9	BO071	232	di	di	linguistic	none	_	_	_	_	_	_
232-10	BO071	232	luce,	luce	linguistic	none	Intonation=weakly_rising	End=504.579	_	_	_	_
233-0	BO071	233	e	e	linguistic	none	_	Begin=504.667	_	_	_	_
233-1	BO071	233	non	non	linguistic	none	_	_	_	_	_	_
233-2	BO071	233	si	si	linguistic	none	_	_	_	_	_	_
233-3	BO071	233	vede	vede	linguistic	none	_	_	_	_	_	_
233-4	BO071	233	solo	solo	linguistic	none	_	_	_	_	_	_
233-5	BO071	233	il	il	linguistic	none	_	_	_	_	_	_
233-6	BO071	233	puntino	puntino	linguistic	none	_	_	_	_	_	_
233-7	BO071	233	in	in	linguistic	none	_	_	_	_	_	_
233-8	BO071	233	fondo	fondo	linguistic	none	_	_	_	_	_	_
233-9	BO071	233	si	si	linguistic	none	_	_	_	_	_	_
233-10	BO071	233	vede	vede	linguistic	none	_	_	_	_	_	_
233-11	BO071	233	anche	anche	linguistic	none	_	_	_	_	_	_
233-12	BO071	233	tutto	tutto	linguistic	none	_	_	_	_	_	_
233-13	BO071	233	il	il	linguistic	none	_	_	_	_	_	_
233-14	BO071	233	raggio	raggio	linguistic	none	_	_	_	_	_	_
233-15	BO071	233	di	di	linguistic	none	_	_	_	_	_	_
233-16	BO071	233	luce,	luce	linguistic	none	Intonation=weakly_rising	End=507.271	_	_	_	_
234-0	BO071	234	sembra	sembra	linguistic	none	_	Begin=507.494	_	_	_	_
234-1	BO071	234	xxx	x	unknown	none	_	_	_	_	_	_
234-2	BO071	234	quando	quando	linguistic	none	_	_	_	_	_	_
234-3	BO071	234	sei	sei	linguistic	none	_	_	_	_	_	_
234-4	BO071	234	al	al	linguistic	none	_	_	_	_	_	_
234-5	BO071	234	buio	buio	linguistic	none	_	_	_	_	_	_
234-6	BO071	234	e	e	linguistic	none	_	_	_	_	_	_
234-7	BO071	234	fai	fai	linguistic	none	_	_	_	_	_	_
234-8	BO071	234	così	così	linguistic	none	_	_	_	_	_	_
234-9	BO071	234	sebra	sebra	linguistic	none	_	_	_	_	_	_
234-10	BO071	234	una	una	linguistic	none	_	_	_	_	_	_
234-11	BO071	234	spada	spada	linguistic	none	_	_	_	_	_	_
234-12	BO071	234	laser,	laser	linguistic	none	Intonation=weakly_rising	End=511.279	_	_	_	_
235-0	BO021	235	bellissimo	bellissimo	linguistic	none	_	Begin=511.491|End=512.179	_	_	_	_
236-0	BO071	236	è	è	linguistic	none	_	Begin=512.231	_	_	_	_
236-1	BO071	236	una	una	linguistic	none	_	_	_	_	_	_
236-2	BO071	236	figata	figata	linguistic	none	_	_	_	_	_	_
236-3	BO071	236	mostruosa.	mostruosa	linguistic	none	Intonation=falling	End=513.817	_	_	_	_
237-0	BO071	237	e	e	linguistic	none	_	Begin=514.07	_	_	_	_
237-1	BO071	237	ovviamente:	ovviamente	linguistic	none	_	_	9x1	_	_	_
237-2	BO071	237	per	per	linguistic	none	_	_	_	_	_	_
237-3	BO071	237	farti	farti	linguistic	none	_	_	_	_	_	_
237-4	BO071	237	capire,	capire	linguistic	none	Intonation=weakly_rising	End=516.369	_	_	_	_
238-0	BO071	238	probabilmente	probabilmente	linguistic	none	_	Begin=516.592	_	_	_	_
238-1	BO071	238	se	se	linguistic	none	_	_	_	_	_	_
238-2	BO071	238	adesso	adesso	linguistic	none	_	_	_	_	_	_
238-3	BO071	238	potessi	potessi	linguistic	none	_	_	_	_	_	_
238-4	BO071	238	vedere	vedere	linguistic	none	_	_	_	_	_	_
238-5	BO071	238	le	le	linguistic	none	_	_	_	_	_	_
238-6	BO071	238	torri,	torri	linguistic	none	Intonation=weakly_rising	End=518.73	_	_	_	_
239-0	BO071	239	cioè	cioè	linguistic	none	_	Begin=519.282	_	_	_	_
239-1	BO071	239	si::	si	linguistic	none	_	_	1x2	_	_	_
239-2	BO071	239	[xxx]	x	unknown	none	_	_	_	_	_	0-3(32)
239-3	BO071	239	(senza	senza	linguistic	none	_	_	_	_	0-5(0)	_
239-4	BO071	239	troppi	troppi	linguistic	none	_	_	_	_	0-6(0)	_
239-5	BO071	239	problemi)	problemi	linguistic	none	_	End=522.817	_	_	0-8(0)	_
240-0	BO021	240	[arriverebbe	arriverebbe	linguistic	none	_	Begin=520.57	_	_	_	0-11(32)
240-1	BO021	240	in	in	linguistic	none	_	_	_	_	_	0-2(32)
240-2	BO021	240	fondo]	fondo	linguistic	none	_	End=521.64	_	_	_	0-5(32)
241-0	BO071	241	come	come	linguistic	none	_	Begin=525.628	_	_	_	_
241-1	BO071	241	va:	va	linguistic	none	_	_	1x1	_	_	_
241-2	BO071	241	al	al	linguistic	none	_	_	_	_	_	_
241-3	BO071	241	buio	buio	linguistic	none	_	_	_	_	_	_
241-4	BO071	241	anche	anche	linguistic	none	_	_	_	_	_	_
241-5	BO071	241	a:	a	linguistic	none	_	End=527.75	0x1	_	_	_
242-0	BO021	242	no	no	linguistic	none	_	Begin=527.749	_	_	_	_
242-1	BO021	242	cioè	cioè	linguistic	none	_	_	_	_	_	_
242-2	BO021	242	e	e	linguistic	none	_	_	_	_	_	_
242-3	BO021	242	[illegale]	illegale	linguistic	none	_	End=529.053	_	_	_	0-8(33)
243-0	BO071	243	[cinque]	cinque	linguistic	none	_	Begin=528.718	_	_	_	0-6(34)
243-1	BO071	243	sei	sei	linguistic	none	_	_	_	_	_	_
243-2	BO071	243	chilometri	chilometri	linguistic	none	_	End=529.916	_	_	_	_
244-0	BO021	244	no	no	linguistic	none	_	Begin=529.916	_	_	_	_
244-1	BO021	244	ma	ma	linguistic	none	_	_	_	_	_	_
244-2	BO021	244	è	è	linguistic	none	_	_	_	_	_	_
244-3	BO021	244	fuori	fuori	linguistic	none	_	_	_	_	_	_
244-4	BO021	244	commer~	commer~	linguistic	none	Interrupted=Yes	_	_	_	_	_
244-5	BO021	244	cioè	cioè	linguistic	none	_	_	_	_	_	_
244-6	BO021	244	è	è	linguistic	none	_	_	_	_	_	_
244-7	BO021	244	illegale	illegale	linguistic	none	_	_	_	_	_	_
244-8	BO021	244	perché	perché	linguistic	none	_	_	_	_	_	_
244-9	BO021	244	è	è	linguistic	none	_	_	_	_	_	_
244-10	BO021	244	diventato	diventato	linguistic	none	_	_	_	_	_	_
244-11	BO021	244	illegale	illegale	linguistic	none	_	_	_	_	_	_
244-12	BO021	244	dopo	dopo	linguistic	none	_	_	_	_	_	_
244-13	BO021	244	un	un	linguistic	none	_	_	_	_	_	_
244-14	BO021	244	po'	po'	linguistic	none	_	_	_	_	_	_
244-15	BO021	244	oppure::?	oppure	linguistic	none	Intonation=rising	End=535.16	5x2	_	_	_
245-0	BO071	245	sì	sì	linguistic	none	_	Begin=535.28|End=535.62	_	_	_	_
246-0	BO072	246	perché	perché	linguistic	none	_	Begin=535.65	_	_	_	_
246-1	BO072	246	l'	l'	linguistic	none	SpaceAfter=No	_	_	_	_	_
246-2	BO072	246	hai	hai	linguistic	none	_	_	_	_	_	_
246-3	BO072	246	chiamato	chiamato	linguistic	none	_	_	_	_	_	_
246-4	BO072	246	napoletano?	napoletano	linguistic	none	Intonation=rising	End=537.52	_	_	_	_
247-0	BO021	247	((ride))	((ride))	nonverbalbehavior	none	_	Begin=537.978|End=538.366	_	_	_	_
248-0	BO071	248	no	no	linguistic	none	_	Begin=539.002	_	_	_	_
248-1	BO071	248	il	il	linguistic	none	_	End=539.599	_	_	_	_
249-0	BO071	249	è	è	linguistic	none	_	Begin=540.69	_	_	_	_
249-1	BO071	249	illegale	illegale	linguistic	none	_	_	_	_	_	_
249-2	BO071	249	appunto	appunto	linguistic	none	_	_	_	_	_	_
249-3	BO071	249	perché	perché	linguistic	none	_	End=542.28	_	_	_	_
250-0	BO071	250	si	si	linguistic	none	_	Begin=542.534	_	_	_	_
250-1	BO071	250	possono	possono	linguistic	none	_	_	_	_	_	_
250-2	BO071	250	fare	fare	linguistic	none	_	_	_	_	_	_
250-3	BO071	250	un	un	linguistic	none	_	_	_	_	_	_
250-4	BO071	250	sacco	sacco	linguistic	none	_	_	_	_	_	_
250-5	BO071	250	di	di	linguistic	none	_	_	_	_	_	_
250-6	BO071	250	danni,	danni	linguistic	none	Intonation=weakly_rising	End=544.023	_	_	_	_
251-0	BO021	251	mh	mh	linguistic	none	_	Begin=544.109|End=544.724	_	_	_	_
252-0	BO072	252	alla	alla	linguistic	none	_	Begin=544.724	_	_	_	_
252-1	BO072	252	vista?	vista	linguistic	none	Intonation=rising	End=545.389	_	_	_	_
253-0	BO071	253	si	si	linguistic	none	_	Begin=546.391	_	_	_	_
253-1	BO071	253	perché	perché	linguistic	none	_	_	_	_	_	_
253-2	BO071	253	è	è	linguistic	none	_	_	_	_	_	_
253-3	BO071	253	fortissimo.	fortissimo	linguistic	none	Intonation=falling	End=547.557	_	_	_	_
254-0	BO021	254	eh	eh	linguistic	none	_	Begin=547.557	_	_	_	_
254-1	BO021	254	no	no	linguistic	none	_	_	_	_	_	_
254-2	BO021	254	però	però	linguistic	none	_	_	_	_	_	_
254-3	BO021	254	[se~]	se~	linguistic	none	Interrupted=Yes	End=548.562	_	_	_	0-3(35)
255-0	BO071	255	[brucia]	brucia	linguistic	none	_	Begin=548.12	_	_	_	0-6(35)
255-1	BO071	255	la	la	linguistic	none	_	_	_	_	_	_
255-2	BO071	255	retina	retina	linguistic	none	_	End=549.064	_	_	_	_
256-0	BO021	256	cioè	cioè	linguistic	none	_	Begin=549.122	_	_	_	_
256-1	BO021	256	se	se	linguistic	none	_	_	_	_	_	_
256-2	BO021	256	tu	tu	linguistic	none	_	_	_	_	_	_
256-3	BO021	256	ce	ce	linguistic	none	_	_	_	_	_	_
256-4	BO021	256	l'	l'	linguistic	none	SpaceAfter=No	_	_	_	_	_
256-5	BO021	256	hai	hai	linguistic	none	_	_	_	_	_	_
256-6	BO021	256	evidentemente	evidentemente	linguistic	none	_	_	_	_	_	_
256-7	BO021	256	c'	c'	linguistic	none	SpaceAfter=No	_	_	_	_	_
256-8	BO021	256	è	è	linguistic	none	_	_	_	_	_	_
256-9	BO021	256	stato	stato	linguistic	none	_	_	_	_	_	_
256-10	BO021	256	(.)	[PAUSE]	shortpause	none	_	_	_	_	_	_
256-11	BO021	256	cioè	cioè	linguistic	none	_	_	_	_	_	_
256-12	BO021	256	l'	l'	linguistic	none	SpaceAfter=No	_	_	_	_	_
256-13	BO021	256	hai	hai	linguistic	none	_	_	_	_	_	_
256-14	BO021	256	comprato	comprato	linguistic	none	_	_	_	_	_	_
256-15	BO021	256	sul	sul	linguistic	none	_	_	_	_	_	_
256-16	BO021	256	black	black	linguistic	none	_	_	_	_	_	_
256-17	BO021	256	market?	market	linguistic	none	Intonation=rising	End=553.21	_	_	_	_
257-0	BO071	257	[l'	l'	linguistic	none	SpaceAfter=No	Begin=553.28	_	_	_	0-2(36)
257-1	BO071	257	ho	ho	linguistic	none	_	_	_	_	_	0-2(36)
257-2	BO071	257	comprato	comprato	linguistic	none	_	_	_	_	_	0-8(36)
257-3	BO071	257	da:	da	linguistic	none	_	_	1x1	_	_	0-2(36)
257-4	BO071	257	da	da	linguistic	none	_	_	_	_	_	0-2(36)
257-5	BO071	257	un]	un	linguistic	none	_	End=554.665	_	_	_	0-2(36)
258-0	BO021	258	[oppure	oppure	linguistic	none	_	Begin=553.284	_	_	_	0-6(36)
258-1	BO021	258	xxx]	x	unknown	none	_	End=554.641	_	_	_	0-3(36)
259-0	BO071	259	un	un	linguistic	none	_	Begin=554.757	_	_	_	_
259-1	BO071	259	venditore	venditore	linguistic	none	_	_	_	_	_	_
259-2	BO071	259	per	per	linguistic	none	_	_	_	_	_	_
259-3	BO071	259	strada	strada	linguistic	none	_	_	_	_	_	_
259-4	BO071	259	[un	un	linguistic	none	_	_	_	_	_	0-2(37)
259-5	BO071	259	venditore	venditore	linguistic	none	_	_	_	_	_	0-9(37)
259-6	BO071	259	ambulan]te.	ambulante	linguistic	none	Intonation=falling	End=556.602	_	_	_	0-7(37)
260-0	BO021	260	[ah	ah	linguistic	none	_	Begin=555.682	_	_	_	0-2(37)
260-1	BO021	260	ecco]	ecco	linguistic	none	_	End=556.415	_	_	_	0-4(37)
261-0	BO071	261	da	da	linguistic	none	_	Begin=557.818	_	_	_	_
261-1	BO071	261	un	un	linguistic	none	_	_	_	_	_	_
261-2	BO071	261	vucumprà,	vucumprà	linguistic	none	Intonation=weakly_rising	End=558.82	_	_	_	_
262-0	BO071	262	come	come	linguistic	none	_	Begin=560.46	_	_	_	_
262-1	BO071	262	si	si	linguistic	none	_	_	_	_	_	_
262-2	BO071	262	chiamano	chiamano	linguistic	none	_	_	_	_	_	_
262-3	BO071	262	da	da	linguistic	none	_	_	_	_	_	_
262-4	BO071	262	voi	voi	linguistic	none	_	_	_	_	_	_
262-5	BO071	262	i	i	linguistic	none	_	_	_	_	_	_
262-6	BO071	262	[vucumprà]?	vucumprà	linguistic	none	Intonation=rising	End=561.909	_	_	_	0-8(38)
263-0	BO021	263	[si.	si	linguistic	none	Intonation=falling	Begin=561.014	_	_	_	0-2(38)
263-1	BO021	263	vucum]prà	vucumprà	linguistic	none	_	End=562.225	_	_	_	0-5(38)
264-0	BO021	264	infatti	infatti	linguistic	none	_	Begin=565.266	_	_	_	_
264-1	BO021	264	anzi	anzi	linguistic	none	_	_	_	_	_	_
264-2	BO021	264	pensavo	pensavo	linguistic	none	_	_	_	_	_	_
264-3	BO021	264	che	che	linguistic	none	_	_	_	_	_	_
264-4	BO021	264	fosse	fosse	linguistic	none	_	_	_	_	_	_
264-5	BO021	264	una	una	linguistic	none	_	_	_	_	_	_
264-6	BO021	264	parola	parola	linguistic	none	_	_	_	_	_	_
264-7	BO021	264	tutta	tutta	linguistic	none	_	_	_	_	_	_
264-8	BO021	264	nostra,	nostra	linguistic	none	Intonation=weakly_rising	End=567.88	_	_	_	_
265-0	BO071	265	è	è	linguistic	none	_	Begin=567.881	_	_	_	_
265-1	BO071	265	così	così	linguistic	none	_	_	_	_	_	_
265-2	BO071	265	razzista	razzista	linguistic	none	_	_	_	_	_	_
265-3	BO071	265	mamma	mamma	linguistic	none	_	_	_	_	_	_
265-4	BO071	265	mia,	mia	linguistic	none	Intonation=weakly_rising	End=568.962	_	_	_	_
266-0	BO071	266	è	è	linguistic	none	_	Begin=570.33	_	_	_	_
266-1	BO071	266	è	è	linguistic	none	_	_	_	_	_	_
266-2	BO071	266	mondiale,	mondiale	linguistic	none	Intonation=weakly_rising	End=571.634	_	_	_	_
267-0	BO071	267	((ride))	((ride))	nonverbalbehavior	none	_	Begin=572.151|End=572.827	_	_	_	_
268-0	BO021	268	((ride))	((ride))	nonverbalbehavior	none	_	Begin=572.151|End=572.827	_	_	_	_
269-0	BO071	269	e	e	linguistic	none	_	Begin=574.895	_	_	_	_
269-1	BO071	269	che	che	linguistic	none	_	_	_	_	_	_
269-2	BO071	269	xxx	x	unknown	none	_	_	_	_	_	_
269-3	BO071	269	infatti	infatti	linguistic	none	_	_	_	_	_	_
269-4	BO071	269	in	in	linguistic	none	_	_	_	_	_	_
269-5	BO071	269	inglese	inglese	linguistic	none	_	_	_	_	_	_
269-6	BO071	269	xxx	x	unknown	none	_	_	_	_	_	_
269-7	BO071	269	c'	c'	linguistic	none	SpaceAfter=No	_	_	_	_	_
269-8	BO071	269	è	è	linguistic	none	_	_	_	_	_	_
269-9	BO071	269	proprio	proprio	linguistic	none	_	_	_	_	_	_
269-10	BO071	269	what	what	linguistic	none	_	_	_	_	_	_
269-11	BO071	269	do	do	linguistic	none	_	_	_	_	_	_
269-12	BO071	269	you	you	linguistic	none	_	_	_	_	_	_
269-13	BO071	269	think	think	linguistic	none	_	_	_	_	_	_
269-14	BO071	269	about	about	linguistic	none	_	_	_	_	_	_
269-15	BO071	269	vucumprà	vucumprà	linguistic	none	_	End=578.67	_	_	_	_
270-0	BO021	270	davv[ero]?	davvero	linguistic	none	Intonation=rising	Begin=578.9|End=579.62	_	_	_	4-7(39)
271-0	BO071	271	[si]	si	linguistic	none	_	Begin=579.301|End=579.659	_	_	_	0-2(39)
272-0	BO071	272	xxx	x	unknown	none	_	Begin=580.533|End=581.095	_	_	_	_
273-0	BO071	273	però	però	linguistic	none	_	Begin=581.943	_	_	_	_
273-1	BO071	273	ci	ci	linguistic	none	_	_	_	_	_	_
273-2	BO071	273	mancava	mancava	linguistic	none	_	_	_	_	_	_
273-3	BO071	273	poco	poco	linguistic	none	_	End=583.03	_	_	_	_
274-0	BO021	274	io	io	linguistic	none	_	Begin=584.24	_	_	_	_
274-1	BO021	274	vado	vado	linguistic	none	_	_	_	_	_	_
274-2	BO021	274	a	a	linguistic	none	_	_	_	_	_	_
274-3	BO021	274	posare	posare	linguistic	none	_	_	_	_	_	_
274-4	BO021	274	un	un	linguistic	none	_	_	_	_	_	_
274-5	BO021	274	attimo	attimo	linguistic	none	_	_	_	_	_	_
274-6	BO021	274	questa,	questa	linguistic	none	Intonation=weakly_rising	End=586.27	_	_	_	_
275-0	BO071	275	[attento	attento	linguistic	none	_	Begin=586.36	_	_	_	0-7(40)
275-1	BO071	275	alla	alla	linguistic	none	_	_	_	_	_	0-4(40)
275-2	BO071	275	attenta	attenta	linguistic	none	_	_	_	_	_	0-7(40)
275-3	BO071	275	alla]	alla	linguistic	none	_	_	_	_	_	0-4(40)
275-4	BO071	275	barricata,	barricata	linguistic	none	Intonation=weakly_rising	End=588.53	_	_	_	_
276-0	BO021	276	[ah	ah	linguistic	none	_	Begin=586.36	_	_	_	0-2(40)
276-1	BO021	276	ma	ma	linguistic	none	_	_	_	_	_	0-2(40)
276-2	BO021	276	forse	forse	linguistic	none	_	_	_	_	_	0-5(40)
276-3	BO021	276	si	si	linguistic	none	_	_	_	_	_	0-2(40)
276-4	BO021	276	è	è	linguistic	none	_	_	_	_	_	0-1(40)
276-5	BO021	276	già	già	linguistic	none	_	_	_	_	_	0-3(40)
276-6	BO021	276	liberato	liberato	linguistic	none	_	_	_	_	_	0-8(40)
276-7	BO021	276	un	un	linguistic	none	_	_	_	_	_	0-2(40)
276-8	BO021	276	tavolo],	tavolo	linguistic	none	Intonation=weakly_rising	End=587.91	_	_	_	0-6(40)
277-0	BO071	277	uh	uh	linguistic	none	_	Begin=588.87	_	_	_	_
277-1	BO071	277	ma	ma	linguistic	none	_	_	_	_	_	_
277-2	BO071	277	si	si	linguistic	none	_	_	_	_	_	_
277-3	BO071	277	è	è	linguistic	none	_	_	_	_	_	_
277-4	BO071	277	liberato	liberato	linguistic	none	_	_	_	_	_	_
277-5	BO071	277	un	un	linguistic	none	_	_	_	_	_	_
277-6	BO071	277	tavolo::	tavolo	linguistic	none	_	End=590.495	5x2	_	_	_
278-0	BO071	278	yuppi	yuppi	linguistic	none	_	Begin=590.776|End=591.549	_	_	_	_
279-0	BO071	279	ecco	ecco	linguistic	none	_	Begin=595.365	_	_	_	_
279-1	BO071	279	l'	l'	linguistic	none	SpaceAfter=No	_	_	_	_	_
279-2	BO071	279	amigo	amigo	linguistic	none	_	End=596.549	_	_	_	_
280-0	BO071	280	britney	britney	linguistic	none	_	Begin=603.084	_	_	_	_
280-1	BO071	280	novemila	novemila	linguistic	none	_	End=604.063	_	_	_	_
281-0	BO048	281	[britney	britney	linguistic	none	_	Begin=604.247	_	_	_	0-7(41)
281-1	BO048	281	novemila]	novemila	linguistic	none	_	End=606.533	_	_	_	0-8(41)
282-0	BO072	282	[britney	britney	linguistic	none	_	Begin=604.273	_	_	_	0-7(41)
282-1	BO072	282	novemila::]	novemila	linguistic	none	_	End=606.572	7x2	_	_	0-8(41)
283-0	BO048	283	ma	ma	linguistic	none	_	Begin=606.89	_	_	_	_
283-1	BO048	283	chi	chi	linguistic	none	_	_	_	_	_	_
283-2	BO048	283	cazzo	cazzo	linguistic	none	_	_	_	_	_	_
283-3	BO048	283	sei	sei	linguistic	none	_	End=608.058	_	_	_	_
284-0	BO071	284	perché?	perché	linguistic	none	Intonation=rising	Begin=608.5|End=609.12	_	_	_	_
285-0	BO071	285	è	è	linguistic	none	_	Begin=609.34	_	_	_	_
285-1	BO071	285	un	un	linguistic	none	_	_	_	_	_	_
285-2	BO071	285	nome	nome	linguistic	none	_	_	_	_	_	_
285-3	BO071	285	bellissimo,	bellissimo	linguistic	none	Intonation=weakly_rising	End=610.51	_	_	_	_
286-0	BO021	286	ma	ma	linguistic	none	_	Begin=613.042	_	_	_	_
286-1	BO021	286	secondo	secondo	linguistic	none	_	_	_	_	_	_
286-2	BO021	286	te	te	linguistic	none	_	_	_	_	_	_
286-3	BO021	286	se	se	linguistic	none	_	_	_	_	_	_
286-4	BO021	286	chiedo	chiedo	linguistic	none	_	_	_	_	_	_
286-5	BO021	286	una	una	linguistic	none	_	_	_	_	_	_
286-6	BO021	286	sedia	sedia	linguistic	none	_	_	_	_	_	_
286-7	BO021	286	dentro	dentro	linguistic	none	_	_	_	_	_	_
286-8	BO021	286	ce	ce	linguistic	none	_	_	_	_	_	_
286-9	BO021	286	l'	l'	linguistic	none	SpaceAfter=No	_	_	_	_	_
286-10	BO021	286	hanno?	hanno	linguistic	none	Intonation=rising	End=615.98	_	_	_	_
287-0	BO072	287	sì::	sì	linguistic	none	_	Begin=615.98|End=616.928	1x2	_	_	_
288-0	BO072	288	metti	metti	linguistic	none	_	Begin=626.392	_	_	_	_
288-1	BO072	288	in	in	linguistic	none	_	_	_	_	_	_
288-2	BO072	288	pausa	pausa	linguistic	none	_	_	_	_	_	_
288-3	BO072	288	metti	metti	linguistic	none	_	End=627.953	_	_	_	_
