token_id	speaker	tu_id	span	form	lemma	upos	feats	type	meta_label
0-0	BO097	0	eva	eva	Eva	PROPN	_	linguistic	_
0-1	BO097	0	non	non	non	ADV	PronType=Neg	linguistic	_
0-2	BO097	0	mi	mi	mi	PRON	Clitic=Yes|Number=Sing|Person=1|PronType=Prs	linguistic	_
0-3	BO097	0	piace	piace	piacere	VERB	Mood=Ind|Number=Sing|Person=3|Tense=Pres|VerbForm=Fin	linguistic	_
0-4	BO097	0	questo	questo	questo	DET	Gender=Masc|Number=Sing|PronType=Dem	linguistic	_
0-5	BO097	0	libro	libro	libro	NOUN	Gender=Masc|Number=Sing	linguistic	_
1-0	BO095	1	non	non	non	ADV	PronType=Neg	linguistic	_
1-1	BO095	1	ti	ti	ti	PRON	Clitic=Yes|Number=Sing|Person=2|PronType=Prs	linguistic	_
1-2	BO095	1	piace	piace	piacere	VERB	Mood=Ind|Number=Sing|Person=3|Tense=Pres|VerbForm=Fin	linguistic	_
1-3	BO095	1	questo	questo	questo	DET	Gender=Masc|Number=Sing|PronType=Dem	linguistic	_
1-4	BO095	1	libro?	libro	libro	NOUN	Gender=Masc|Number=Sing	linguistic	_
1-5	BO095	1	perché?	perché	perché	SCONJ	_	linguistic	_
2-0	BO097	2	no:	no	no	INTJ	_	linguistic	_
2-1	BO097	2	ma	ma	ma	CCONJ	_	linguistic	_
2-2	BO097	2	ha	ha	avere	AUX	Mood=Ind|Number=Sing|Person=3|Tense=Pres|VerbForm=Fin	linguistic	_
2-3	BO097	2	vinto	vinto	vincere	VERB	Gender=Masc|Number=Sing|Tense=Past|VerbForm=Part	linguistic	_
2-4	BO097	2	il	il	il	DET	Definite=Def|Gender=Masc|Number=Sing|PronType=Art	linguistic	_
2-5	BO097	2	premio	premio	premio	NOUN	Gender=Masc|Number=Sing	linguistic	_
2-6	BO097	2	strega	strega	Strega	PROPN	_	linguistic	_
2-7	BO097	2	e	e	e	CCONJ	_	linguistic	_
2-8	BO097	2	mi	mi	mi	PRON	Clitic=Yes|Number=Sing|Person=1|PronType=Prs	linguistic	_
2-9	BO097	2	ero	ero	essere	AUX	Mood=Ind|Number=Sing|Person=1|Tense=Imp|VerbForm=Fin	linguistic	_
2-10	BO097	2	ripromessa	ripromessa	ripromettere	VERB	Gender=Fem|Number=Sing|Tense=Past|VerbForm=Part	linguistic	_
2-11	BO097	2	di	di	di	ADP	_	linguistic	_
2-12	BO097	2	leggerlo	leggerlo	_	_	_	linguistic	_
2-12a	_	_	_	legger	leggere	VERB	VerbForm=Inf	syntactic	_
2-12b	_	_	_	lo	lo	PRON	Clitic=Yes|Gender=Masc|Number=Sing|Person=3|PronType=Prs	syntactic	_
3-0	BO095	3	mh	mh	mh	INTJ	_	linguistic	_
3-1	BO095	3	mh,	mh	mh	INTJ	_	linguistic	_
4-0	BO097	4	cosa:	cosa	cosa	PRON	PronType=Int	linguistic	_
5-0	BO097	5	co[sa]	cosa	cosa	PRON	PronType=Int	linguistic	_
6-0	BO095	6	[xx]x	x	x	X	_	unknown	_
6-1	BO095	6	non	non	non	ADV	PronType=Neg	linguistic	_
6-2	BO095	6	vedo	vedo	vedere	VERB	Mood=Ind|Number=Sing|Person=1|Tense=Pres|VerbForm=Fin	linguistic	_
6-3	BO095	6	senza	senza	senza	ADP	_	linguistic	_
6-4	BO095	6	xxx	x	x	X	_	unknown	_
7-0	BO097	7	xx	x	x	X	_	unknown	_
7-1	BO097	7	letto	letto	letto	NOUN	Gender=Masc|Number=Sing	linguistic	_
7-2	BO097	7	vent'	vent'	venti	NUM	NumType=Card	linguistic	_
7-3	BO097	7	anni	anni	anno	NOUN	Gender=Masc|Number=Plur	linguistic	_
8-0	BO095	8	xxxx	x	x	X	_	unknown	_
8-1	BO095	8	non	non	non	ADV	PronType=Neg	linguistic	_
8-2	BO095	8	lo	lo	lo	PRON	Clitic=Yes|Gender=Masc|Number=Sing|Person=3|PronType=Prs	linguistic	_
8-3	BO095	8	conosco	conosco	conoscere	VERB	Mood=Ind|Number=Sing|Person=1|Tense=Pres|VerbForm=Fin	linguistic	_
9-0	BO095	9	xx	x	x	X	_	unknown	_
9-1	BO095	9	era	era	essere	AUX	Mood=Ind|Number=Sing|Person=3|Tense=Imp|VerbForm=Fin	linguistic	_
9-2	BO095	9	un	un	uno	DET	Definite=Ind|Gender=Masc|Number=Sing|PronType=Art	linguistic	_
9-3	BO095	9	li[bro],	libro	libro	NOUN	Gender=Masc|Number=Sing	linguistic	_
10-0	BO097	10	[xx]xx	x	x	X	_	unknown	_
10-1	BO097	10	xxx	x	x	X	_	unknown	_
11-0	BO095	11	un	un	uno	DET	Definite=Ind|Gender=Masc|Number=Sing|PronType=Art	linguistic	_
11-1	BO095	11	libro	libro	libro	NOUN	Gender=Masc|Number=Sing	linguistic	_
11-2	BO095	11	che	che	che	PRON	_	linguistic	_
11-3	BO095	11	ha	ha	avere	AUX	Mood=Ind|Number=Sing|Person=3|Tense=Pres|VerbForm=Fin	linguistic	_
11-4	BO095	11	vinto	vinto	vincere	VERB	Gender=Masc|Number=Sing|Tense=Past|VerbForm=Part	linguistic	_
11-5	BO095	11	il	il	il	DET	Definite=Def|Gender=Masc|Number=Sing|PronType=Art	linguistic	_
11-6	BO095	11	premio	premio	premio	NOUN	Gender=Masc|Number=Sing	linguistic	_
11-7	BO095	11	strega	strega	Strega	PROPN	_	linguistic	_
11-8	BO095	11	che	che	che	PRON	_	linguistic	_
11-9	BO095	11	volevo	volevo	volere	AUX	Mood=Ind|Number=Sing|Person=1|Tense=Imp|VerbForm=Fin	linguistic	_
11-10	BO095	11	leggere	leggere	leggere	VERB	VerbForm=Inf	linguistic	_
11-11	BO095	11	era	era	essere	AUX	Mood=Ind|Number=Sing|Person=3|Tense=Imp|VerbForm=Fin	linguistic	_
11-12	BO095	11	acciaio	acciaio	Acciaio	PROPN	_	linguistic	_
11-13	BO095	11	credo	credo	credere	VERB	Mood=Ind|Number=Sing|Person=1|Tense=Pres|VerbForm=Fin	linguistic	_
12-0	BO097	12	sì	sì	sì	INTJ	_	linguistic	_
12-1	BO097	12	l'	l'	lo	PRON	Clitic=Yes|Number=Sing|Person=3|PronType=Prs	linguistic	_
12-2	BO097	12	ho	ho	avere	AUX	Mood=Ind|Number=Sing|Person=1|Tense=Pres|VerbForm=Fin	linguistic	_
12-3	BO097	12	sentito	sentito	sentire	VERB	Gender=Masc|Number=Sing|Tense=Past|VerbForm=Part	linguistic	_
12-4	BO097	12	(.)	[PAUSE]	_	_	_	shortpause	_
12-5	BO097	12	no:	no	no	INTJ	_	linguistic	_
12-6	BO097	12	io	io	io	PRON	Number=Sing|Person=1|PronType=Prs	linguistic	_
12-7	BO097	12	non	non	non	ADV	PronType=Neg	linguistic	_
12-8	BO097	12	lo	lo	lo	PRON	Clitic=Yes|Gender=Masc|Number=Sing|Person=3|PronType=Prs	linguistic	_
12-9	BO097	12	voglio	voglio	volere	AUX	Mood=Ind|Number=Sing|Person=1|Tense=Pres|VerbForm=Fin	linguistic	_
12-10	BO097	12	leggere	leggere	leggere	VERB	VerbForm=Inf	linguistic	_
12-11	BO097	12	secondo	secondo	secondo	ADP	_	linguistic	_
12-12	BO097	12	me	me	me	PRON	Number=Sing|Person=1|PronType=Prs	linguistic	_
12-13	BO097	12	non	non	non	ADV	PronType=Neg	linguistic	_
12-14	BO097	12	mi	mi	mi	PRON	Clitic=Yes|Number=Sing|Person=1|PronType=Prs	linguistic	_
12-15	BO097	12	ispira	ispira	ispirare	VERB	Mood=Ind|Number=Sing|Person=3|Tense=Pres|VerbForm=Fin	linguistic	_
12-16	BO097	12	quel	quel	quello	DET	Gender=Masc|Number=Sing|PronType=Dem	linguistic	_
12-17	BO097	12	libro	libro	libro	NOUN	Gender=Masc|Number=Sing	linguistic	_
12-18	BO097	12	là	là	là	ADV	_	linguistic	_
13-0	BO095	14	[qual	qual	quale	PRON	PronType=Int	linguistic	_
13-1	BO095	14	è	è	essere	AUX	Mood=Ind|Number=Sing|Person=3|Tense=Pres|VerbForm=Fin	linguistic	_
13-2	BO095	14	che	che	che	SCONJ	_	linguistic	_
13-3	BO095	14	ti	ti	ti	PRON	Clitic=Yes|Number=Sing|Person=2|PronType=Prs	linguistic	_
13-4	BO095	14	piace]?	piace	piacere	VERB	Mood=Ind|Number=Sing|Person=3|Tense=Pres|VerbForm=Fin	linguistic	_
14-0	BO097	13	[cioè	cioè	cioè	CCONJ	_	linguistic	_
14-1	BO097	13	l'	l'	lo	PRON	Clitic=Yes|Number=Sing|Person=3|PronType=Prs	linguistic	_
14-2	BO097	13	ha	ha	avere	AUX	Mood=Ind|Number=Sing|Person=3|Tense=Pres|VerbForm=Fin	linguistic	_
14-3	BO097	13	letto]	letto	leggere	VERB	Gender=Masc|Number=Sing|Tense=Past|VerbForm=Part	linguistic	_
14-4	BO097	13	una	una	uno	DET	Definite=Ind|Gender=Fem|Number=Sing|PronType=Art	linguistic	_
14-5	BO097	13	mia	mia	mio	ADJ	Gender=Fem|Number=Sing|Poss=Yes|PronType=Prs	linguistic	_
14-6	BO097	13	amica	amica	amico	NOUN	Gender=Fem|Number=Sing	linguistic	_
14-7	BO097	13	e::	e	e	CCONJ	_	linguistic	_
15-0	BO097	15	(boh	boh	boh	INTJ	_	linguistic	_
15-1	BO097	15	credo	credo	credere	VERB	Mood=Ind|Number=Sing|Person=1|Tense=Pres|VerbForm=Fin	linguistic	_
15-2	BO097	15	sia	sia	essere	AUX	Mood=Sub|Number=Sing|Person=3|Tense=Pres|VerbForm=Fin	linguistic	_
15-3	BO097	15	bello	bello	bello	ADV	_	linguistic	_
15-4	BO097	15	pesantino)	pesantino	pesante	ADJ	Gender=Masc|Number=Sing	linguistic	_
16-0	BO097	16	no	no	no	INTJ	_	linguistic	_
16-1	BO097	16	magari	magari	magari	ADV	_	linguistic	_
16-2	BO097	16	è	è	essere	AUX	Mood=Ind|Number=Sing|Person=3|Tense=Pres|VerbForm=Fin	linguistic	_
16-3	BO097	16	bello	bello	bello	ADJ	Gender=Masc|Number=Sing	linguistic	_
16-4	BO097	16	poi	poi	poi	ADV	_	linguistic	_
16-5	BO097	16	eh	eh	eh	INTJ	_	linguistic	_
17-0	BO095	17	è	è	essere	AUX	Mood=Ind|Number=Sing|Person=3|Tense=Pres|VerbForm=Fin	linguistic	_
17-1	BO095	17	pesantino	pesantino	pesante	ADJ	Gender=Masc|Number=Sing	linguistic	_
17-2	BO095	17	pure	pure	pure	ADV	_	linguistic	_
17-3	BO095	17	questo?	questo	questo	PRON	Gender=Masc|Number=Sing|PronType=Dem	linguistic	_
18-0	BO097	18	m:::h	mh	mh	INTJ	_	linguistic	_
18-1	BO097	18	no	no	no	INTJ	_	linguistic	_
19-0	BO097	19	cioè	cioè	cioè	CCONJ	_	linguistic	_
19-1	BO097	19	fin'	fin'	fino	ADV	_	linguistic	_
19-2	BO097	19	ora	ora	ora	ADV	_	linguistic	_
19-3	BO097	19	no	no	no	INTJ	_	linguistic	_
20-0	BO097	20	è::	è	essere	AUX	Mood=Ind|Number=Sing|Person=3|Tense=Pres|VerbForm=Fin	linguistic	_
20-1	BO097	20	lui	lui	lui	PRON	Gender=Masc|Number=Sing|Person=3|PronType=Prs	linguistic	_
20-2	BO097	20	che	che	che	PRON	_	linguistic	_
20-3	BO097	20	racconta	racconta	raccontare	VERB	Mood=Ind|Number=Sing|Person=3|Tense=Pres|VerbForm=Fin	linguistic	_
20-4	BO097	20	in	in	in	ADP	_	linguistic	_
20-5	BO097	20	prima	prima	primo	NUM	Gender=Fem|NumType=Ord|Number=Sing	linguistic	_
20-6	BO097	20	persona	persona	persona	NOUN	Gender=Fem|Number=Sing	linguistic	_
21-0	BO097	21	dei::	dei	_	_	_	linguistic	_
21-0a	_	_	_	di	di	ADP	_	syntactic	_
21-0b	_	_	_	i	i	DET	Definite=Def|Gender=Masc|Number=Plur|PronType=Art	syntactic	_
21-1	BO097	21	tipo	tipo	tipo	NOUN	Gender=Masc|Number=Sing	linguistic	_
22-0	BO097	22	dei	dei	_	_	_	linguistic	_
22-0a	_	_	_	di	di	ADP	_	syntactic	_
22-0b	_	_	_	i	il	DET	Definite=Def|Gender=Masc|Number=Plur|PronType=Art	syntactic	_
22-1	BO097	22	suoi:	suoi	suo	PRON	Gender=Masc|Number=Plur|Poss=Yes	linguistic	_
22-2	BO097	22	che	che	che	PRON	_	linguistic	_
22-3	BO097	22	amano	amano	amare	VERB	Mood=Ind|Number=Plur|Person=3|Tense=Pres|VerbForm=Fin	linguistic	_
22-4	BO097	22	andare	andare	andare	VERB	VerbForm=Inf	linguistic	_
22-5	BO097	22	in	in	in	ADP	_	linguistic	_
22-6	BO097	22	mon~	mon~	montagna	X	_	linguistic	_
22-7	BO097	22	cioè	cioè	cioè	CCONJ	_	linguistic	_
22-8	BO097	22	che	che	che	PRON	_	linguistic	_
22-9	BO097	22	amavano	amavano	amare	VERB	Mood=Ind|Number=Plur|Person=3|Tense=Imp|VerbForm=Fin	linguistic	_
22-10	BO097	22	la	la	il	DET	Definite=Def|Gender=Fem|Number=Sing|PronType=Art	linguistic	_
22-11	BO097	22	montagna	montagna	montagna	NOUN	Gender=Fem|Number=Sing	linguistic	_
22-12	BO097	22	in	in	in	ADP	_	linguistic	_
22-13	BO097	22	una	una	uno	DET	Definite=Ind|Gender=Fem|Number=Sing|PronType=Art	linguistic	_
22-14	BO097	22	maniera	maniera	maniera	NOUN	Gender=Fem|Number=Sing	linguistic	_
23-0	BO097	23	fondamentale	fondamentale	fondamentale	ADJ	Number=Sing	linguistic	_
23-1	BO097	23	come	come	come	ADP	_	linguistic	_
23-2	BO097	23	due	due	due	NUM	NumType=Card	linguistic	_
23-3	BO097	23	xxxx	x	x	X	_	unknown	_
24-0	BO097	24	e:::hm	ehm	ehm	INTJ	_	linguistic	_
24-1	BO097	24	e	e	e	CCONJ	_	linguistic	_
24-2	BO097	24	anche	anche	anche	ADV	_	linguistic	_
24-3	BO097	24	lui	lui	lui	PRON	Gender=Masc|Number=Sing|Person=3|PronType=Prs	linguistic	_
24-4	BO097	24	evidentemente	evidentemente	evidentemente	ADV	_	linguistic	_
25-0	BO097	25	la	la	il	DET	Definite=Def|Gender=Fem|Number=Sing|PronType=Art	linguistic	_
25-1	BO097	25	ama	ama	amare	VERB	Mood=Ind|Number=Sing|Person=3|Tense=Pres|VerbForm=Fin	linguistic	_
26-0	BO095	26	non	non	non	ADV	PronType=Neg	linguistic	_
26-1	BO095	26	sembra	sembra	sembrare	VERB	Mood=Ind|Number=Sing|Person=3|Tense=Pres|VerbForm=Fin	linguistic	_
26-2	BO095	26	molto	molto	molto	ADV	_	linguistic	_
26-3	BO095	26	avvincente	avvincente	avvincente	ADJ	Number=Sing	linguistic	_
27-0	BO097	27	no::	no	no	INTJ	_	linguistic	_
27-1	BO097	27	secondo	secondo	secondo	ADP	_	linguistic	_
27-2	BO097	27	me	me	me	PRON	Number=Sing|Person=1|PronType=Prs	linguistic	_
27-3	BO097	27	cioè	cioè	cioè	CCONJ	_	linguistic	_
27-4	BO097	27	se	se	se	SCONJ	_	linguistic	_
27-5	BO097	27	ti	ti	ti	PRON	Clitic=Yes|Number=Sing|Person=2|PronType=Prs	linguistic	_
27-6	BO097	27	piace	piace	piacere	VERB	Mood=Ind|Number=Sing|Person=3|Tense=Pres|VerbForm=Fin	linguistic	_
27-7	BO097	27	la	la	il	DET	Definite=Def|Gender=Fem|Number=Sing|PronType=Art	linguistic	_
27-8	BO097	27	montagna	montagna	montagna	NOUN	Gender=Fem|Number=Sing	linguistic	_
27-9	BO097	27	può	può	potere	AUX	Mood=Ind|Number=Sing|Person=3|Tense=Pres|VerbForm=Fin	linguistic	_
27-10	BO097	27	essere	essere	essere	VERB	VerbForm=Inf	linguistic	_
27-11	BO097	27	bello	bello	bello	ADJ	Gender=Masc|Number=Sing	linguistic	_
28-0	BO097	28	a	a	a	ADP	_	linguistic	_
28-1	BO097	28	me	me	me	PRON	Number=Sing|Person=1|PronType=Prs	linguistic	_
28-2	BO097	28	piace	piace	piacere	VERB	Mood=Ind|Number=Sing|Person=3|Tense=Pres|VerbForm=Fin	linguistic	_
28-3	BO097	28	la	la	il	DET	Definite=Def|Gender=Fem|Number=Sing|PronType=Art	linguistic	_
28-4	BO097	28	montagna	montagna	montagna	NOUN	Gender=Fem|Number=Sing	linguistic	_
28-5	BO097	28	ma	ma	ma	CCONJ	_	linguistic	_
28-6	BO097	28	non	non	non	ADV	PronType=Neg	linguistic	_
28-7	BO097	28	xxx	x	x	X	_	unknown	_
28-8	BO097	28	xxx	x	x	X	_	unknown	_
29-0	BO095	29	può	può	potere	AUX	Mood=Ind|Number=Sing|Person=3|Tense=Pres|VerbForm=Fin	linguistic	_
29-1	BO095	29	essere	essere	essere	VERB	VerbForm=Inf	linguistic	_
29-2	BO095	29	xxx	x	x	X	_	unknown	_
30-0	BO095	30	l'	l'	il	DET	Definite=Def|Number=Sing|PronType=Art	linguistic	_
30-1	BO095	30	amore	amore	amore	NOUN	Gender=Masc|Number=Sing	linguistic	_
30-2	BO095	30	per	per	per	ADP	_	linguistic	_
30-3	BO095	30	la	la	il	DET	Definite=Def|Gender=Fem|Number=Sing|PronType=Art	linguistic	_
30-4	BO095	30	montagna	montagna	montagna	NOUN	Gender=Fem|Number=Sing	linguistic	_
31-0	BO097	31	ah	ah	ah	INTJ	_	linguistic	_
31-1	BO097	31	no	no	no	INTJ	_	linguistic	_
31-2	BO097	31	è	è	essere	VERB	Mood=Ind|Number=Sing|Person=3|Tense=Pres|VerbForm=Fin	linguistic	_
31-3	BO097	31	che	che	che	SCONJ	_	linguistic	_
31-4	BO097	31	se	se	se	SCONJ	_	linguistic	_
31-5	BO097	31	se	se	se	SCONJ	_	linguistic	_
31-6	BO097	31	devi	devi	dovere	AUX	Mood=Ind|Number=Sing|Person=2|Tense=Pres|VerbForm=Fin	linguistic	_
31-7	BO097	31	raccontare	raccontare	raccontare	VERB	VerbForm=Inf	linguistic	_
31-8	BO097	31	la	la	il	DET	Definite=Def|Gender=Fem|Number=Sing|PronType=Art	linguistic	_
31-9	BO097	31	tua	tua	tuo	ADJ	Gender=Fem|Number=Sing|Poss=Yes|PronType=Prs	linguistic	_
31-10	BO097	31	storia	storia	storia	NOUN	Gender=Fem|Number=Sing	linguistic	_
31-11	BO097	31	di	di	di	ADP	_	linguistic	_
31-12	BO097	31	come	come	come	SCONJ	_	linguistic	_
31-13	BO097	31	ti	ti	ti	PRON	Clitic=Yes|Number=Sing|Person=2|PronType=Prs	linguistic	_
31-14	BO097	31	piace	piace	piacere	VERB	Mood=Ind|Number=Sing|Person=3|Tense=Pres|VerbForm=Fin	linguistic	_
31-15	BO097	31	la	la	il	DET	Definite=Def|Gender=Fem|Number=Sing|PronType=Art	linguistic	_
31-16	BO097	31	montagna	montagna	montagna	NOUN	Gender=Fem|Number=Sing	linguistic	_
31-17	BO097	31	diventiamo	diventiamo	diventare	VERB	Mood=Ind|Number=Plur|Person=1|Tense=Pres|VerbForm=Fin	linguistic	_
31-18	BO097	31	amici	amici	amico	NOUN	Gender=Masc|Number=Plur	linguistic	_
31-19	BO097	31	e	e	e	CCONJ	_	linguistic	_
31-20	BO097	31	facciamo	facciamo	fare	VERB	Mood=Ind|Number=Plur|Person=1|Tense=Pres|VerbForm=Fin	linguistic	_
31-21	BO097	31	due	due	due	NUM	NumType=Card	linguistic	_
31-22	BO097	31	chiacchiere	chiacchiere	chiacchiera	NOUN	Gender=Fem|Number=Plur	linguistic	_
31-23	BO097	31	non	non	non	ADV	PronType=Neg	linguistic	_
31-24	BO097	31	scrivi	scrivi	scrivere	VERB	Mood=Ind|Number=Sing|Person=2|Tense=Pres|VerbForm=Fin	linguistic	_
31-25	BO097	31	un	un	uno	DET	Definite=Ind|Gender=Masc|Number=Sing|PronType=Art	linguistic	_
31-26	BO097	31	romanzo	romanzo	romanzo	NOUN	Gender=Masc|Number=Sing	linguistic	_
31-27	BO097	31	no?	no	no	INTJ	_	linguistic	_
32-0	BO097	32	cioè	cioè	cioè	CCONJ	_	linguistic	_
32-1	BO097	32	non	non	non	ADV	PronType=Neg	linguistic	_
33-0	BO097	33	non	non	non	ADV	PronType=Neg	linguistic	_
33-1	BO097	33	lo	lo	lo	PRON	Clitic=Yes|Gender=Masc|Number=Sing|Person=3|PronType=Prs	linguistic	_
33-2	BO097	33	so	so	sapere	VERB	Mood=Ind|Number=Sing|Person=1|Tense=Pres|VerbForm=Fin	linguistic	_
33-3	BO097	33	a	a	a	ADP	_	linguistic	_
33-4	BO097	33	me	me	me	PRON	Number=Sing|Person=1|PronType=Prs	linguistic	_
33-5	BO097	33	piacciono	piacciono	piacere	VERB	Mood=Ind|Number=Plur|Person=3|Tense=Pres|VerbForm=Fin	linguistic	_
33-6	BO097	33	di	di	di	ADP	_	linguistic	_
33-7	BO097	33	più	più	più	ADV	_	linguistic	_
33-8	BO097	33	un	un	uno	DET	Definite=Ind|Gender=Masc|Number=Sing|PronType=Art	linguistic	_
33-9	BO097	33	po'	po'	poco	ADV	_	linguistic	_
33-10	BO097	33	i	i	il	DET	Definite=Def|Gender=Masc|Number=Plur|PronType=Art	linguistic	_
33-11	BO097	33	romanzi:::	romanzi	romanzo	NOUN	Gender=Masc|Number=Plur	linguistic	_
34-0	BO095	34	tipo	tipo	tipo	NOUN	Gender=Masc|Number=Sing	linguistic	_
34-1	BO095	34	una	una	uno	DET	Definite=Ind|Gender=Fem|Number=Sing|PronType=Art	linguistic	_
34-2	BO095	34	storia	storia	storia	NOUN	Gender=Fem|Number=Sing	linguistic	_
35-0	BO097	35	e:::h	eh	eh	INTJ	_	linguistic	_
35-1	BO097	35	no	no	no	INTJ	_	linguistic	_
35-2	BO097	35	non	non	non	ADV	PronType=Neg	linguistic	_
35-3	BO097	35	per	per	per	ADP	_	linguistic	_
35-4	BO097	35	forza	forza	forza	NOUN	Gender=Fem|Number=Sing	linguistic	_
35-5	BO097	35	una	una	uno	DET	Definite=Ind|Gender=Fem|Number=Sing|PronType=Art	linguistic	_
35-6	BO097	35	storia	storia	storia	NOUN	Gender=Fem|Number=Sing	linguistic	_
35-7	BO097	35	però	però	però	ADV	_	linguistic	_
36-0	BO097	36	cioè	cioè	cioè	CCONJ	_	linguistic	_
36-1	BO097	36	non	non	non	ADV	PronType=Neg	linguistic	_
36-2	BO097	36	troppo	troppo	troppo	ADV	_	linguistic	_
36-3	BO097	36	autobiografici	autobiografici	autobiografico	ADJ	Gender=Masc|Number=Plur	linguistic	_
36-4	BO097	36	come	come	come	ADP	_	linguistic	_
36-5	BO097	36	dire	dire	dire	VERB	VerbForm=Inf	linguistic	_
37-0	BO097	37	perché	perché	perché	SCONJ	_	linguistic	_
37-1	BO097	37	sia	sia	sia	CCONJ	_	linguistic	_
37-2	BO097	37	io	io	io	PRON	Number=Sing|Person=1|PronType=Prs	linguistic	_
37-3	BO097	37	che	che	che	CCONJ	_	linguistic	_
37-4	BO097	37	tu,	tu	tu	PRON	Number=Sing|Person=2|PronType=Prs	linguistic	_
37-5	BO097	37	(.)	[PAUSE]	_	_	_	shortpause	_
37-6	BO097	37	ci	ci	ci	PRON	Clitic=Yes|Number=Plur|Person=1	linguistic	_
37-7	BO097	37	metti	metti	mettere	VERB	Mood=Ind|Number=Sing|Person=2|Tense=Pres|VerbForm=Fin	linguistic	_
37-8	BO097	37	la	la	il	DET	Definite=Def|Gender=Fem|Number=Sing|PronType=Art	linguistic	_
37-9	BO097	37	tua	tua	tuo	ADJ	Gender=Fem|Number=Sing|Poss=Yes|PronType=Prs	linguistic	_
37-10	BO097	37	vita	vita	vita	NOUN	Gender=Fem|Number=Sing	linguistic	_
37-11	BO097	37	se	se	se	SCONJ	_	linguistic	_
37-12	BO097	37	scrivi	scrivi	scrivere	VERB	Mood=Ind|Number=Sing|Person=2|Tense=Pres|VerbForm=Fin	linguistic	_
37-13	BO097	37	un	un	uno	DET	Definite=Ind|Gender=Masc|Number=Sing|PronType=Art	linguistic	_
37-14	BO097	37	romanzo	romanzo	romanzo	NOUN	Gender=Masc|Number=Sing	linguistic	_
37-15	BO097	37	dentro	dentro	dentro	ADV	_	linguistic	_
37-16	BO097	37	a	a	a	ADP	_	linguistic	_
37-17	BO097	37	un	un	uno	DET	Definite=Ind|Gender=Masc|Number=Sing|PronType=Art	linguistic	_
37-18	BO097	37	romanzo	romanzo	romanzo	NOUN	Gender=Masc|Number=Sing	linguistic	_
37-19	BO097	37	(.)	[PAUSE]	_	_	_	shortpause	_
37-20	BO097	37	però::	però	però	CCONJ	_	linguistic	_
38-0	BO097	38	non	non	non	ADV	PronType=Neg	linguistic	_
38-1	BO097	38	lo	lo	lo	PRON	Clitic=Yes|Gender=Masc|Number=Sing|Person=3|PronType=Prs	linguistic	_
38-2	BO097	38	so	so	sapere	VERB	Mood=Ind|Number=Sing|Person=1|Tense=Pres|VerbForm=Fin	linguistic	_
39-0	BO097	39	mi	mi	mi	PRON	Clitic=Yes|Number=Sing|Person=1|PronType=Prs	linguistic	_
39-1	BO097	39	se~	se~	se~	X	_	linguistic	_
39-2	BO097	39	chi	chi	chi	PRON	PronType=Rel	linguistic	_
39-3	BO097	39	è	è	essere	VERB	Mood=Ind|Number=Sing|Person=3|Tense=Pres|VerbForm=Fin	linguistic	_
39-4	BO097	39	che	che	che	SCONJ	_	linguistic	_
39-5	BO097	39	ti	ti	ti	PRON	Clitic=Yes|Number=Sing|Person=2|PronType=Prs	linguistic	_
39-6	BO097	39	ha	ha	avere	AUX	Mood=Ind|Number=Sing|Person=3|Tense=Pres|VerbForm=Fin	linguistic	_
39-7	BO097	39	chiesto	chiesto	chiedere	VERB	Gender=Masc|Number=Sing|Tense=Past|VerbForm=Part	linguistic	_
39-8	BO097	39	di	di	di	ADP	_	linguistic	_
39-9	BO097	39	raccontare	raccontare	raccontare	VERB	VerbForm=Inf	linguistic	_
40-0	BO097	40	di	di	di	ADP	_	linguistic	_
40-1	BO097	40	raccontarmi	raccontarmi	_	_	_	linguistic	_
40-1a	_	_	_	raccontar	raccontare	VERB	VerbForm=Inf	syntactic	_
40-1b	_	_	_	mi	mi	PRON	Clitic=Yes|Number=Sing|Person=1|PronType=Prs	syntactic	_
40-2	BO097	40	la	la	il	DET	Definite=Def|Gender=Fem|Number=Sing|PronType=Art	linguistic	_
40-3	BO097	40	tua	tua	tuo	ADJ	Gender=Fem|Number=Sing|Poss=Yes|PronType=Prs	linguistic	_
40-4	BO097	40	vita	vita	vita	NOUN	Gender=Fem|Number=Sing	linguistic	_
40-5	BO097	40	cioè	cioè	cioè	CCONJ	_	linguistic	_
40-6	BO097	40	allora	allora	allora	ADV	_	linguistic	_
40-7	BO097	40	anche	anche	anche	ADV	_	linguistic	_
40-8	BO097	40	io	io	io	PRON	Number=Sing|Person=1|PronType=Prs	linguistic	_
40-9	BO097	40	ti	ti	ti	PRON	Clitic=Yes|Number=Sing|Person=2|PronType=Prs	linguistic	_
40-10	BO097	40	voglio	voglio	volere	AUX	Mood=Ind|Number=Sing|Person=1|Tense=Pres|VerbForm=Fin	linguistic	_
40-11	BO097	40	raccontare	raccontare	raccontare	VERB	VerbForm=Inf	linguistic	_
40-12	BO097	40	la	la	il	DET	Definite=Def|Gender=Fem|Number=Sing|PronType=Art	linguistic	_
40-13	BO097	40	mia	mia	mio	ADJ	Gender=Fem|Number=Sing|Poss=Yes|PronType=Prs	linguistic	_
40-14	BO097	40	vita	vita	vita	NOUN	Gender=Fem|Number=Sing	linguistic	_
40-15	BO097	40	cioè	cioè	cioè	CCONJ	_	linguistic	_
40-16	BO097	40	m::h	mh	mh	INTJ	_	linguistic	_
41-0	BO095	41	((ride))	[LAUGH]	_	X	_	nonverbalbehavior	laugh
42-0	BO097	42	non	non	non	ADV	PronType=Neg	linguistic	_
42-1	BO097	42	lo	lo	lo	PRON	Clitic=Yes|Gender=Masc|Number=Sing|Person=3|PronType=Prs	linguistic	_
42-2	BO097	42	so	so	sapere	VERB	Mood=Ind|Number=Sing|Person=1|Tense=Pres|VerbForm=Fin	linguistic	_
42-3	BO097	42	mi	mi	mi	PRON	Clitic=Yes|Number=Sing|Person=1|PronType=Prs	linguistic	_
42-4	BO097	42	sembra	sembra	sembrare	VERB	Mood=Ind|Number=Sing|Person=3|Tense=Pres|VerbForm=Fin	linguistic	_
42-5	BO097	42	un	un	uno	DET	Definite=Ind|Gender=Masc|Number=Sing|PronType=Art	linguistic	_
42-6	BO097	42	po'	po'	poco	ADV	_	linguistic	_
42-7	BO097	42	egoista	egoista	egoista	ADJ	Number=Sing	linguistic	_
42-8	BO097	42	come	come	come	ADP	_	linguistic	_
42-9	BO097	42	idea	idea	idea	NOUN	Gender=Fem|Number=Sing	linguistic	_
42-10	BO097	42	poi	poi	poi	ADV	_	linguistic	_
42-11	BO097	42	vabbè	vabbè	vabbe	INTJ	_	linguistic	_
43-0	BO097	43	è	è	essere	AUX	Mood=Ind|Number=Sing|Person=3|Tense=Pres|VerbForm=Fin	linguistic	_
43-1	BO097	43	una	una	uno	DET	Definite=Ind|Gender=Fem|Number=Sing|PronType=Art	linguistic	_
43-2	BO097	43	mia	mia	mio	ADJ	Gender=Fem|Number=Sing|Poss=Yes|PronType=Prs	linguistic	_
43-3	BO097	43	menata	menata	menata	NOUN	Gender=Fem|Number=Sing	linguistic	_
43-4	BO097	43	xxxxx	x	x	X	_	unknown	_
44-0	BO095	44	beh	beh	beh	INTJ	_	linguistic	_
44-1	BO095	44	non	non	non	ADV	PronType=Neg	linguistic	_
44-2	BO095	44	è	è	essere	VERB	Mood=Ind|Number=Sing|Person=3|Tense=Pres|VerbForm=Fin	linguistic	_
44-3	BO095	44	che	che	che	SCONJ	_	linguistic	_
44-4	BO095	44	hai	hai	avere	VERB	Mood=Ind|Number=Sing|Person=2|Tense=Pres|VerbForm=Fin	linguistic	_
44-5	BO095	44	tutti	tutti	tutto	DET	Gender=Masc|Number=Plur|PronType=Tot	linguistic	_
44-6	BO095	44	i	i	il	DET	Definite=Def|Gender=Masc|Number=Plur|PronType=Art	linguistic	_
44-7	BO095	44	torti	torti	torto	NOUN	Gender=Masc|Number=Plur	linguistic	_
44-8	BO095	44	in	in	in	ADP	_	linguistic	_
44-9	BO095	44	effetti	effetti	effetto	NOUN	Gender=Masc|Number=Plur	linguistic	_
44-10	BO095	44	poi:::	poi	poi	ADV	_	linguistic	_
44-11	BO095	44	insomma	insomma	insomma	ADV	_	linguistic	_
45-0	BO095	45	se	se	se	SCONJ	_	linguistic	_
45-1	BO095	45	vuoi	vuoi	volere	AUX	Mood=Ind|Number=Sing|Person=2|Tense=Pres|VerbForm=Fin	linguistic	_
45-2	BO095	45	leggere	leggere	leggere	VERB	VerbForm=Inf	linguistic	_
45-3	BO095	45	un	un	uno	DET	Definite=Ind|Gender=Masc|Number=Sing|PronType=Art	linguistic	_
45-4	BO095	45	libro	libro	libro	NOUN	Gender=Masc|Number=Sing	linguistic	_
45-5	BO095	45	del	del	_	_	_	linguistic	_
45-5a	_	_	_	di	di	ADP	_	syntactic	_
45-5b	_	_	_	il	il	DET	Definite=Def|Gender=Masc|Number=Sing|PronType=Art	syntactic	_
45-6	BO095	45	genere	genere	genere	NOUN	Gender=Masc|Number=Sing	linguistic	_
45-7	BO095	45	allora	allora	allora	ADV	_	linguistic	_
45-8	BO095	45	tanto	tanto	tanto	PRON	Gender=Masc|Number=Sing|PronType=Ind	linguistic	_
45-9	BO095	45	vale	vale	valere	VERB	Mood=Ind|Number=Sing|Person=3|Tense=Pres|VerbForm=Fin	linguistic	_
45-10	BO095	45	che	che	che	SCONJ	_	linguistic	_
45-11	BO095	45	prendi	prendi	prendere	VERB	Mood=Ind|Number=Sing|Person=2|Tense=Pres|VerbForm=Fin	linguistic	_
45-12	BO095	45	una	una	uno	DET	Definite=Ind|Gender=Fem|Number=Sing|PronType=Art	linguistic	_
45-13	BO095	45	biografia	biografia	biografia	NOUN	Gender=Fem|Number=Sing	linguistic	_
45-14	BO095	45	un'	un'	uno	DET	Definite=Ind|Number=Sing|PronType=Art	linguistic	_
45-15	BO095	45	autobiografia	autobiografia	autobiografia	NOUN	Gender=Fem|Number=Sing	linguistic	_
46-0	BO095	46	non	non	non	ADV	PronType=Neg	linguistic	_
46-1	BO095	46	un	un	uno	DET	Definite=Ind|Gender=Masc|Number=Sing|PronType=Art	linguistic	_
46-2	BO095	46	romanzo	romanzo	romanzo	NOUN	Gender=Masc|Number=Sing	linguistic	_
47-0	BO097	47	sì	sì	sì	INTJ	_	linguistic	_
47-1	BO097	47	sarà	sarà	essere	AUX	Mood=Ind|Number=Sing|Person=3|Tense=Fut|VerbForm=Fin	linguistic	_
47-2	BO097	47	romanzato	romanzato	romanzare	VERB	Gender=Masc|Number=Sing|Tense=Past|VerbForm=Part	linguistic	_
47-3	BO097	47	ma	ma	ma	CCONJ	_	linguistic	_
47-4	BO097	47	cioè	cioè	cioè	CCONJ	_	linguistic	_
47-5	BO097	47	sarà	sarà	essere	VERB	Mood=Ind|Number=Sing|Person=3|Tense=Fut|VerbForm=Fin	linguistic	_
47-6	BO097	47	un	un	uno	DET	Definite=Ind|Gender=Masc|Number=Sing|PronType=Art	linguistic	_
47-7	BO097	47	misto,	misto	misto	NOUN	Gender=Masc|Number=Sing	linguistic	_
48-0	BO097	48	ah	ah	ah	INTJ	_	linguistic	_
48-1	BO097	48	la	la	il	DET	Definite=Def|Gender=Fem|Number=Sing|PronType=Art	linguistic	_
48-2	BO097	48	copertina	copertina	copertina	NOUN	Gender=Fem|Number=Sing	linguistic	_
48-3	BO097	48	è	è	essere	AUX	Mood=Ind|Number=Sing|Person=3|Tense=Pres|VerbForm=Fin	linguistic	_
48-4	BO097	48	veramente	veramente	veramente	ADV	_	linguistic	_
48-5	BO097	48	bella	bella	bello	ADJ	Gender=Fem|Number=Sing	linguistic	_
49-0	BO097	49	il	il	il	DET	Definite=Def|Gender=Masc|Number=Sing|PronType=Art	linguistic	_
49-1	BO097	49	che	che	che	PRON	PronType=Rel	linguistic	_
49-2	BO097	49	è	è	essere	AUX	Mood=Ind|Number=Sing|Person=3|Tense=Pres|VerbForm=Fin	linguistic	_
49-3	BO097	49	molto	molto	molto	ADV	_	linguistic	_
49-4	BO097	49	deludente	deludente	deludere	VERB	Number=Sing|Tense=Pres|VerbForm=Part	linguistic	_
49-5	BO097	49	come	come	come	ADP	_	linguistic	_
49-6	BO097	49	cosa	cosa	cosa	NOUN	Gender=Fem|Number=Sing	linguistic	_
50-0	BO097	50	al	al	_	_	_	linguistic	_
50-0a	_	_	_	a	a	ADP	_	syntactic	_
50-0b	_	_	_	il	il	DET	Definite=Def|Gender=Masc|Number=Sing|PronType=Art	syntactic	_
50-1	BO097	50	contrario	contrario	contrario	NOUN	Gender=Masc|Number=Sing	linguistic	_
50-2	BO097	50	invece	invece	invece	ADV	_	linguistic	_
50-3	BO097	50	questo	questo	questo	PRON	Gender=Masc|Number=Sing|PronType=Dem	linguistic	_
50-4	BO097	50	che	che	che	PRON	PronType=Rel	linguistic	_
50-5	BO097	50	devo	devo	dovere	AUX	Mood=Ind|Number=Sing|Person=1|Tense=Pres|VerbForm=Fin	linguistic	_
50-6	BO097	50	leggere	leggere	leggere	VERB	VerbForm=Inf	linguistic	_
50-7	BO097	50	per	per	per	ADP	_	linguistic	_
50-8	BO097	50	l'	l'	il	DET	Definite=Def|Number=Sing|PronType=Art	linguistic	_
50-9	BO097	50	università	università	università	NOUN	Gender=Fem	linguistic	_
50-10	BO097	50	mi	mi	mi	PRON	Clitic=Yes|Number=Sing|Person=1|PronType=Prs	linguistic	_
50-11	BO097	50	piace	piace	piacere	VERB	Mood=Ind|Number=Sing|Person=3|Tense=Pres|VerbForm=Fin	linguistic	_
50-12	BO097	50	un	un	uno	DET	Definite=Ind|Gender=Masc|Number=Sing|PronType=Art	linguistic	_
50-13	BO097	50	sacco	sacco	sacco	NOUN	Gender=Masc|Number=Sing	linguistic	_
51-0	BO095	51	mhmh	mhmh	mhmh	INTJ	_	linguistic	_
52-0	BO097	52	però	però	però	CCONJ	_	linguistic	_
52-1	BO097	52	vedi	vedi	vedere	VERB	Mood=Imp|Number=Sing|Person=2|Tense=Pres|VerbForm=Fin	linguistic	_
52-2	BO097	52	questo	questo	questo	PRON	Gender=Masc|Number=Sing|PronType=Dem	linguistic	_
52-3	BO097	52	qui	qui	qui	ADV	_	linguistic	_
52-4	BO097	52	è	è	essere	VERB	Mood=Ind|Number=Sing|Person=3|Tense=Pres|VerbForm=Fin	linguistic	_
52-5	BO097	52	sempre	sempre	sempre	ADV	_	linguistic	_
52-6	BO097	52	un	un	uno	DET	Definite=Ind|Gender=Masc|Number=Sing|PronType=Art	linguistic	_
52-7	BO097	52	racconto	racconto	racconto	NOUN	Gender=Masc|Number=Sing	linguistic	_
52-8	BO097	52	in	in	in	ADP	_	linguistic	_
52-9	BO097	52	prima	prima	primo	NUM	Gender=Fem|NumType=Ord|Number=Sing	linguistic	_
52-10	BO097	52	persona	persona	persona	NOUN	Gender=Fem|Number=Sing	linguistic	_
52-11	BO097	52	di	di	di	ADP	_	linguistic	_
52-12	BO097	52	un	un	uno	DET	Definite=Ind|Gender=Masc|Number=Sing|PronType=Art	linguistic	_
52-13	BO097	52	viaggio	viaggio	viaggio	NOUN	Gender=Masc|Number=Sing	linguistic	_
52-14	BO097	52	fatto	fatto	fare	VERB	Gender=Masc|Number=Sing|Tense=Past|VerbForm=Part	linguistic	_
52-15	BO097	52	in	in	in	ADP	_	linguistic	_
52-16	BO097	52	america	america	America	PROPN	_	linguistic	_
53-0	BO097	53	perché	perché	perché	SCONJ	_	linguistic	_
53-1	BO097	53	a	a	a	ADP	_	linguistic	_
53-2	BO097	53	questo	questo	questo	DET	Gender=Masc|Number=Sing|PronType=Dem	linguistic	_
53-3	BO097	53	scrittore	scrittore	scrittore	NOUN	Gender=Masc|Number=Sing	linguistic	_
53-4	BO097	53	l'	l'	lo	PRON	Clitic=Yes|Number=Sing|Person=3|PronType=Prs	linguistic	_
53-5	BO097	53	hanno	hanno	avere	VERB	Mood=Ind|Number=Plur|Person=3|Tense=Pres|VerbForm=Fin	linguistic	_
53-6	BO097	53	cioè	cioè	cioè	CCONJ	_	linguistic	_
53-7	BO097	53	gli	gli	lo	PRON	Clitic=Yes|Gender=Masc|Number=Sing|Person=3|PronType=Prs	linguistic	_
53-8	BO097	53	hanno	hanno	avere	AUX	Mood=Ind|Number=Plur|Person=3|Tense=Pres|VerbForm=Fin	linguistic	_
53-9	BO097	53	proposto,	proposto	proporre	VERB	Gender=Masc|Number=Sing|Tense=Past|VerbForm=Part	linguistic	_
54-0	BO097	54	fatti	fatti	fare	VERB	Mood=Imp|Number=Sing|Person=2|Tense=Pres|VerbForm=Fin	linguistic	_
54-1	BO097	54	questo	questo	questo	DET	Gender=Masc|Number=Sing|PronType=Dem	linguistic	_
54-2	BO097	54	viaggio	viaggio	viaggio	NOUN	Gender=Masc|Number=Sing	linguistic	_
54-3	BO097	54	(.)	[PAUSE]	_	_	_	shortpause	_
54-4	BO097	54	con	con	con	ADP	_	linguistic	_
54-5	BO097	54	un	un	uno	DET	Definite=Ind|Gender=Masc|Number=Sing|PronType=Art	linguistic	_
54-6	BO097	54	fotografo	fotografo	fotografo	NOUN	Gender=Masc|Number=Sing	linguistic	_
54-7	BO097	54	tutto	tutto	tutto	PRON	Gender=Masc|Number=Sing|PronType=Ind	linguistic	_
54-8	BO097	54	pagato	pagato	pagare	VERB	Gender=Masc|Number=Sing|Tense=Past|VerbForm=Part	linguistic	_
54-9	BO097	54	eccetera	eccetera	eccetera	ADV	_	linguistic	_
54-10	BO097	54	e	e	e	CCONJ	_	linguistic	_
54-11	BO097	54	poi	poi	poi	ADV	_	linguistic	_
54-12	BO097	54	ci	ci	ci	PRON	Clitic=Yes|Number=Plur|Person=1	linguistic	_
54-13	BO097	54	scrivi	scrivi	scrivere	VERB	Mood=Ind|Number=Sing|Person=2|Tense=Pres|VerbForm=Fin	linguistic	_
54-14	BO097	54	un	un	uno	DET	Definite=Ind|Gender=Masc|Number=Sing|PronType=Art	linguistic	_
54-15	BO097	54	libro	libro	libro	NOUN	Gender=Masc|Number=Sing	linguistic	_
54-16	BO097	54	lui	lui	lui	PRON	Gender=Masc|Number=Sing|Person=3|PronType=Prs	linguistic	_
54-17	BO097	54	ha	ha	avere	AUX	Mood=Ind|Number=Sing|Person=3|Tense=Pres|VerbForm=Fin	linguistic	_
54-18	BO097	54	detto	detto	dire	VERB	Gender=Masc|Number=Sing|Tense=Past|VerbForm=Part	linguistic	_
55-0	BO097	55	bene,	bene	bene	ADV	_	linguistic	_
56-0	BO095	56	e	e	e	CCONJ	_	linguistic	_
56-1	BO095	56	come	come	come	SCONJ	_	linguistic	_
56-2	BO095	56	si	si	si	PRON	Clitic=Yes|Person=3|PronType=Prs	linguistic	_
56-3	BO095	56	chiama?	chiama	chiamare	VERB	Mood=Ind|Number=Sing|Person=3|Tense=Pres|VerbForm=Fin	linguistic	_
57-0	BO097	57	giorgio	giorgio	Giorgio	PROPN	_	linguistic	_
57-1	BO097	57	vasta	vasta	Vasta	PROPN	_	linguistic	_
58-0	BO095	58	e::	e	e	CCONJ	_	linguistic	_
58-1	BO095	58	e	e	e	CCONJ	_	linguistic	_
58-2	BO095	58	il	il	il	DET	Definite=Def|Gender=Masc|Number=Sing|PronType=Art	linguistic	_
58-3	BO095	58	libro?	libro	libro	NOUN	Gender=Masc|Number=Sing	linguistic	_
59-0	BO097	59	absolutely	absolutely	absolutely	PROPN	_	linguistic	_
59-1	BO097	59	nothing	nothing	nothing	PROPN	_	linguistic	_
60-0	BO097	60	è	è	essere	AUX	Mood=Ind|Number=Sing|Person=3|Tense=Pres|VerbForm=Fin	linguistic	_
60-1	BO097	60	uscito	uscito	uscire	VERB	Gender=Masc|Number=Sing|Tense=Past|VerbForm=Part	linguistic	_
60-2	BO097	60	(.)	[PAUSE]	_	_	_	shortpause	_
60-3	BO097	60	pochi	pochi	poco	DET	Gender=Masc|Number=Plur|PronType=Ind	linguistic	_
60-4	BO097	60	anni	anni	anno	NOUN	Gender=Masc|Number=Plur	linguistic	_
60-5	BO097	60	f~	f~	f~	X	_	linguistic	_
60-6	BO097	60	no:	no	no	INTJ	_	linguistic	_
60-7	BO097	60	l'	l'	il	DET	Definite=Def|Number=Sing|PronType=Art	linguistic	_
60-8	BO097	60	anno	anno	anno	NOUN	Gender=Masc|Number=Sing	linguistic	_
60-9	BO097	60	scorso	scorso	scorso	ADJ	Gender=Masc|Number=Sing	linguistic	_
60-10	BO097	60	forse	forse	forse	ADV	_	linguistic	_
61-0	BO097	61	però,	però	però	CCONJ	_	linguistic	_
61-1	BO097	61	è	è	essere	AUX	Mood=Ind|Number=Sing|Person=3|Tense=Pres|VerbForm=Fin	linguistic	_
61-2	BO097	61	molto:::	molto	molto	ADV	_	linguistic	_
62-0	BO097	62	immaginifico	immaginifico	immaginifico	ADJ	Gender=Masc|Number=Sing	linguistic	_
62-1	BO097	62	come	come	come	ADP	_	linguistic	_
62-2	BO097	62	libro	libro	libro	NOUN	Gender=Masc|Number=Sing	linguistic	_
63-0	BO097	63	cioè	cioè	cioè	CCONJ	_	linguistic	_
63-1	BO097	63	e::hm	ehm	ehm	INTJ	_	linguistic	_
64-0	BO097	64	boh	boh	boh	INTJ	_	linguistic	_
65-0	BO097	65	e	e	e	CCONJ	_	linguistic	_
65-1	BO097	65	poi	poi	poi	ADV	_	linguistic	_
65-2	BO097	65	ha	ha	avere	VERB	Mood=Ind|Number=Sing|Person=3|Tense=Pres|VerbForm=Fin	linguistic	_
65-3	BO097	65	uno	uno	uno	DET	Definite=Ind|Gender=Masc|Number=Sing|PronType=Art	linguistic	_
65-4	BO097	65	stile::	stile	stile	NOUN	Gender=Masc|Number=Sing	linguistic	_
66-0	BO097	66	è	è	essere	AUX	Mood=Ind|Number=Sing|Person=3|Tense=Pres|VerbForm=Fin	linguistic	_
66-1	BO097	66	un	un	uno	DET	Definite=Ind|Gender=Masc|Number=Sing|PronType=Art	linguistic	_
66-2	BO097	66	po'	po'	poco	ADV	_	linguistic	_
66-3	BO097	66	ricercato	ricercato	ricercato	ADJ	Gender=Masc|Number=Sing	linguistic	_
67-0	BO097	67	vabbè	vabbè	vabbe	INTJ	_	linguistic	_
68-0	BO095	68	e	e	e	CCONJ	_	linguistic	_
68-1	BO095	68	ti	ti	ti	PRON	Clitic=Yes|Number=Sing|Person=2|PronType=Prs	linguistic	_
68-2	BO095	68	piace	piace	piacere	VERB	Mood=Ind|Number=Sing|Person=3|Tense=Pres|VerbForm=Fin	linguistic	_
69-0	BO097	69	xxx	x	x	X	_	unknown	_
69-1	BO097	69	letteratura	letteratura	letteratura	NOUN	Gender=Fem|Number=Sing	linguistic	_
69-2	BO097	69	mi	mi	mi	PRON	Clitic=Yes|Number=Sing|Person=1|PronType=Prs	linguistic	_
69-3	BO097	69	piace	piace	piacere	VERB	Mood=Ind|Number=Sing|Person=3|Tense=Pres|VerbForm=Fin	linguistic	_
70-0	BO095	70	e	e	e	CCONJ	_	linguistic	_
70-1	BO095	70	sì	sì	sì	INTJ	_	linguistic	_
71-0	BO097	71	e	e	e	CCONJ	_	linguistic	_
71-1	BO097	71	vabbè	vabbè	vabbè	INTJ	_	linguistic	_
72-0	BO095	72	mi	mi	mi	PRON	Clitic=Yes|Number=Sing|Person=1|PronType=Prs	linguistic	_
72-1	BO095	72	sa	sa	sapere	VERB	Mood=Ind|Number=Sing|Person=3|Tense=Pres|VerbForm=Fin	linguistic	_
72-2	BO095	72	che	che	che	SCONJ	_	linguistic	_
72-3	BO095	72	è	è	essere	AUX	Mood=Ind|Number=Sing|Person=3|Tense=Pres|VerbForm=Fin	linguistic	_
72-4	BO095	72	un	un	uno	DET	Definite=Ind|Gender=Masc|Number=Sing|PronType=Art	linguistic	_
72-5	BO095	72	po'	po'	poco	ADV	_	linguistic	_
72-6	BO095	72	un	un	uno	DET	Definite=Ind|Gender=Masc|Number=Sing|PronType=Art	linguistic	_
72-7	BO095	72	xxx	x	x	X	_	unknown	_
73-0	BO097	73	io?	io	io	PRON	Number=Sing|Person=1|PronType=Prs	linguistic	_
74-0	BO095	74	non	non	non	ADV	PronType=Neg	linguistic	_
74-1	BO095	74	lo	lo	lo	PRON	Clitic=Yes|Gender=Masc|Number=Sing|Person=3|PronType=Prs	linguistic	_
74-2	BO095	74	so	so	sapere	VERB	Mood=Ind|Number=Sing|Person=1|Tense=Pres|VerbForm=Fin	linguistic	_
74-3	BO095	74	mi	mi	mi	PRON	Clitic=Yes|Number=Sing|Person=1|PronType=Prs	linguistic	_
74-4	BO095	74	sembri::	sembri	sembrare	VERB	Mood=Ind|Number=Sing|Person=2|Tense=Pres|VerbForm=Fin	linguistic	_
75-0	BO097	75	può	può	potere	AUX	Mood=Ind|Number=Sing|Person=3|Tense=Pres|VerbForm=Fin	linguistic	_
75-1	BO097	75	darsi	darsi	_	_	_	linguistic	_
75-1a	_	_	_	dar	dare	VERB	VerbForm=Inf	syntactic	_
75-1b	_	_	_	si	si	PRON	Clitic=Yes|Person=3|PronType=Prs	syntactic	_
76-0	BO095	76	un	un	uno	DET	Definite=Ind|Gender=Masc|Number=Sing|PronType=Art	linguistic	_
76-1	BO095	76	po'	po'	poco	ADV	_	linguistic	_
76-2	BO095	76	raffreddata	raffreddata	raffreddare	VERB	Gender=Fem|Number=Sing|Tense=Past|VerbForm=Part	linguistic	_
77-0	BO097	77	xxxx	x	x	X	_	unknown	_
78-0	BO095	78	se	se	se	SCONJ	_	linguistic	_
78-1	BO095	78	ti	ti	ti	PRON	Clitic=Yes|Number=Sing|Person=2|PronType=Prs	linguistic	_
78-2	BO095	78	va	va	andare	VERB	Mood=Ind|Number=Sing|Person=3|Tense=Pres|VerbForm=Fin	linguistic	_
78-3	BO095	78	abbiamo	abbiamo	avere	VERB	Mood=Ind|Number=Plur|Person=1|Tense=Pres|VerbForm=Fin	linguistic	_
78-4	BO095	78	le	le	il	DET	Definite=Def|Gender=Fem|Number=Plur|PronType=Art	linguistic	_
78-5	BO095	78	tisanine	tisanine	tisana	NOUN	Gender=Fem|Number=Plur	linguistic	_
78-6	BO095	78	quelle	quelle	quello	PRON	Gender=Fem|Number=Plur|PronType=Dem	linguistic	_
78-7	BO095	78	allo	allo	_	_	_	linguistic	_
78-7a	_	_	_	a	a	ADP	_	syntactic	_
78-7b	_	_	_	lo	il	DET	Definite=Def|Gender=Masc|Number=Sing|PronType=Art	syntactic	_
78-8	BO095	78	zenzero	zenzero	zenzero	NOUN	Gender=Masc|Number=Sing	linguistic	_
78-9	BO095	78	quelle	quelle	quello	PRON	Gender=Fem|Number=Plur|PronType=Dem	linguistic	_
78-10	BO095	78	fanno	fanno	fare	VERB	Mood=Ind|Number=Plur|Person=3|Tense=Pres|VerbForm=Fin	linguistic	_
78-11	BO095	78	bene	bene	bene	ADV	_	linguistic	_
78-12	BO095	78	per	per	per	ADP	_	linguistic	_
78-13	BO095	78	la	la	il	DET	Definite=Def|Gender=Fem|Number=Sing|PronType=Art	linguistic	_
78-14	BO095	78	gola	gola	gola	NOUN	Gender=Fem|Number=Sing	linguistic	_
79-0	BO097	79	sì	sì	sì	INTJ	_	linguistic	_
79-1	BO097	79	no	no	no	INTJ	_	linguistic	_
79-2	BO097	79	sai	sai	sapere	VERB	Mood=Ind|Number=Sing|Person=2|Tense=Pres|VerbForm=Fin	linguistic	_
79-3	BO097	79	che	che	che	SCONJ	_	linguistic	_
79-4	BO097	79	ieri	ieri	ieri	ADV	_	linguistic	_
79-5	BO097	79	me	me	me	PRON	Clitic=Yes|Number=Sing|Person=1|PronType=Prs	linguistic	_
79-6	BO097	79	ne	ne	ne	PRON	Clitic=Yes	linguistic	_
79-7	BO097	79	sono	sono	essere	AUX	Mood=Ind|Number=Plur|Person=3|Tense=Pres|VerbForm=Fin	linguistic	_
79-8	BO097	79	mangiata	mangiata	mangiare	VERB	Gender=Fem|Number=Sing|Tense=Past|VerbForm=Part	linguistic	_
79-9	BO097	79	un	un	uno	DET	Definite=Ind|Gender=Masc|Number=Sing|PronType=Art	linguistic	_
79-10	BO097	79	sacco	sacco	sacco	NOUN	Gender=Masc|Number=Sing	linguistic	_
79-11	BO097	79	di	di	di	ADP	_	linguistic	_
79-12	BO097	79	zenzero	zenzero	zenzero	NOUN	Gender=Masc|Number=Sing	linguistic	_
80-0	BO097	80	perché	perché	perché	SCONJ	_	linguistic	_
80-1	BO097	80	mi	mi	mi	PRON	Clitic=Yes|Number=Sing|Person=1|PronType=Prs	linguistic	_
80-2	BO097	80	piace	piace	piacere	VERB	Mood=Ind|Number=Sing|Person=3|Tense=Pres|VerbForm=Fin	linguistic	_
80-3	BO097	80	un	un	uno	DET	Definite=Ind|Gender=Masc|Number=Sing|PronType=Art	linguistic	_
80-4	BO097	80	sacco	sacco	sacco	NOUN	Gender=Masc|Number=Sing	linguistic	_
80-5	BO097	80	quello	quello	quello	PRON	Gender=Masc|Number=Sing|PronType=Dem	linguistic	_
80-6	BO097	80	candito	candito	candito	ADJ	Gender=Masc|Number=Sing	linguistic	_
81-0	BO095	81	quello	quello	quello	PRON	Gender=Masc|Number=Sing|PronType=Dem	linguistic	_
81-1	BO095	81	candito?	candito	candito	ADJ	Gender=Masc|Number=Sing	linguistic	_
82-0	BO097	82	cioè	cioè	cioè	CCONJ	_	linguistic	_
82-1	BO097	82	non	non	non	ADV	PronType=Neg	linguistic	_
82-2	BO097	82	candito	candito	candito	ADJ	Gender=Masc|Number=Sing	linguistic	_
82-3	BO097	82	quello	quello	quello	PRON	Gender=Masc|Number=Sing|PronType=Dem	linguistic	_
82-4	BO097	82	con	con	con	ADP	_	linguistic	_
82-5	BO097	82	tipo	tipo	tipo	NOUN	Gender=Masc|Number=Sing	linguistic	_
82-6	BO097	82	lo	lo	il	DET	Definite=Def|Gender=Masc|Number=Sing|PronType=Art	linguistic	_
82-7	BO097	82	zuccherino	zuccherino	zucchero	NOUN	Gender=Masc|Number=Sing	linguistic	_
82-8	BO097	82	sopra	sopra	sopra	ADV	_	linguistic	_
83-0	BO095	83	mhmh	mhmh	mhmh	INTJ	_	linguistic	_
84-0	BO095	84	si	si	si	INTJ	_	linguistic	_
84-1	BO095	84	l'	l'	lo	PRON	Clitic=Yes|Number=Sing|Person=3|PronType=Prs	linguistic	_
84-2	BO095	84	avevo	avevo	avere	AUX	Mood=Ind|Number=Sing|Person=1|Tense=Imp|VerbForm=Fin	linguistic	_
84-3	BO095	84	intuito	intuito	intuire	VERB	Gender=Masc|Number=Sing|Tense=Past|VerbForm=Part	linguistic	_
85-0	BO097	85	comunque	comunque	comunque	ADV	_	linguistic	_
85-1	BO097	85	grazie	grazie	grazie	INTJ	_	linguistic	_
86-0	BO095	86	x	x	x	X	_	unknown	_
86-1	BO095	86	di	di	di	ADP	_	linguistic	_
86-2	BO095	86	nulla.	nulla	nulla	PRON	Gender=Masc|Number=Sing|PronType=Ind	linguistic	_
87-0	BO095	87	figurati	figurati	figurarsi	VERB	Mood=Imp|Number=Sing|Person=2|Tense=Pres|VerbForm=Fin	linguistic	_
88-0	BO097	88	(adesso	adesso	adesso	ADV	_	linguistic	_
88-1	BO097	88	mi	mi	mi	PRON	Clitic=Yes|Number=Sing|Person=1|PronType=Prs	linguistic	_
88-2	BO097	88	voglio	voglio	volere	AUX	Mood=Ind|Number=Sing|Person=1|Tense=Pres|VerbForm=Fin	linguistic	_
88-3	BO097	88	muovere	muovere	muovere	VERB	VerbForm=Inf	linguistic	_
88-4	BO097	88	un	un	uno	DET	Definite=Ind|Gender=Masc|Number=Sing|PronType=Art	linguistic	_
88-5	BO097	88	po')	po'	poco	ADV	_	linguistic	_
89-0	BO095	89	pilates?	pilates	pilates	NOUN	Gender=Masc	linguistic	_
90-0	BO097	90	sì	sì	sì	intj	_	linguistic	_
90-1	BO097	90	dopo	dopo	dopo	ADV	_	linguistic	_
90-2	BO097	90	all'	all'	_	_	_	linguistic	_
90-2a	_	_	_	a	a	ADP	_	_	_
90-2b	_	_	_	l'	il	DET	Definite=Def|Number=Sing|PronType=Art	_	_
90-3	BO097	90	una	una	uno	DET	Definite=Ind|Gender=Fem|Number=Sing|PronType=Art	linguistic	_
91-0	BO097	91	mi	mi	mi	PRON	Clitic=Yes|Number=Sing|Person=1|PronType=Prs	linguistic	_
91-1	BO097	91	devo	devo	dovere	AUX	Mood=Ind|Number=Sing|Person=1|Tense=Pres|VerbForm=Fin	linguistic	_
91-2	BO097	91	fare	fare	fare	VERB	VerbForm=Inf	linguistic	_
91-3	BO097	91	la	la	il	DET	Definite=Def|Gender=Fem|Number=Sing|PronType=Art	linguistic	_
91-4	BO097	91	ceretta	ceretta	ceretta	NOUN	Gender=Fem|Number=Sing	linguistic	_
92-0	BO095	92	((ride))	[LAUGH]	_	X	_	nonverbalbehavior	laugh
93-0	BO097	93	non	non	non	ADV	PronType=Neg	linguistic	_
93-1	BO097	93	la	la	la	PRON	Clitic=Yes|Gender=Fem|Number=Sing|Person=3|PronType=Prs	linguistic	_
93-2	BO097	93	faccio	faccio	fare	VERB	Mood=Ind|Number=Sing|Person=1|Tense=Pres|VerbForm=Fin	linguistic	_
93-3	BO097	93	da	da	da	ADP	_	linguistic	_
93-4	BO097	93	secoli	secoli	secolo	NOUN	Gender=Masc|Number=Plur	linguistic	_
94-0	BO095	94	io	io	io	PRON	Number=Sing|Person=1|PronType=Prs	linguistic	_
94-1	BO095	94	sai	sai	sapere	VERB	Mood=Ind|Number=Sing|Person=2|Tense=Pres|VerbForm=Fin	linguistic	_
94-2	BO095	94	cosa	cosa	cosa	PRON	PronType=Int	linguistic	_
94-3	BO095	94	non	non	non	ADV	PronType=Neg	linguistic	_
94-4	BO095	94	faccio	faccio	fare	VERB	Mood=Ind|Number=Sing|Person=1|Tense=Pres|VerbForm=Fin	linguistic	_
94-5	BO095	94	da	da	da	ADP	_	linguistic	_
94-6	BO095	94	secoli?	secoli	secolo	NOUN	Gender=Masc|Number=Plur	linguistic	_
95-0	BO097	95	mh	mh	mh	INTJ	_	linguistic	_
96-0	BO095	96	la	la	il	DET	Definite=Def|Gender=Fem|Number=Sing|PronType=Art	linguistic	_
96-1	BO095	96	spesa	spesa	spesa	NOUN	Gender=Fem|Number=Sing	linguistic	_
97-0	BO097	97	devo	devo	dovere	AUX	Mood=Ind|Number=Sing|Person=1|Tense=Pres|VerbForm=Fin	linguistic	_
97-1	BO097	97	fare	fare	fare	VERB	VerbForm=Inf	linguistic	_
97-2	BO097	97	anche	anche	anche	ADV	_	linguistic	_
97-3	BO097	97	quella	quella	quello	PRON	Gender=Fem|Number=Sing|PronType=Dem	linguistic	_
97-4	BO097	97	dopo	dopo	dopo	ADP	_	linguistic	_
98-0	BO095	98	non	non	non	ADV	PronType=Neg	linguistic	_
98-1	BO095	98	c'	c'	ci	PRON	Clitic=Yes	linguistic	_
98-2	BO095	98	ho	ho	avere	VERB	Mood=Ind|Number=Sing|Person=1|Tense=Pres|VerbForm=Fin	linguistic	_
98-3	BO095	98	voglia	voglia	voglia	NOUN	Gender=Fem|Number=Sing	linguistic	_
99-0	BO097	99	((ride))	[LAUGH]	_	X	_	nonverbalbehavior	laugh
100-0	BO095	100	dice	dice	dire	VERB	Mood=Ind|Number=Sing|Person=3|Tense=Pres|VerbForm=Fin	linguistic	_
100-1	BO095	100	e	e	e	CCONJ	_	linguistic	_
100-2	BO095	100	che	che	che	SCONJ	_	linguistic	_
100-3	BO095	100	mangi?	mangi	mangiare	VERB	Mood=Ind|Number=Sing|Person=2|Tense=Pres|VerbForm=Fin	linguistic	_
100-4	BO095	100	boh	boh	boh	INTJ	_	linguistic	_
101-0	BO097	101	((ride))	[LAUGH]	_	X	_	nonverbalbehavior	laugh
102-0	BO097	102	e	e	e	CCONJ	_	linguistic	_
102-1	BO097	102	raschi	raschi	raschiare	VERB	Mood=Ind|Number=Sing|Person=2|Tense=Pres|VerbForm=Fin	linguistic	_
102-2	BO097	102	il	il	il	DET	Definite=Def|Gender=Masc|Number=Sing|PronType=Art	linguistic	_
102-3	BO097	102	fondo	fondo	fondo	NOUN	Gender=Masc|Number=Sing	linguistic	_
102-4	BO097	102	del	del	_	_	_	linguistic	_
102-4a	_	_	_	di	di	ADP	_	syntactic	_
102-4b	_	_	_	il	il	DET	Definite=Def|Gender=Masc|Number=Sing|PronType=Art	syntactic	_
102-5	BO097	102	frigo	frigo	frigo	NOUN	Gender=Masc|Number=Sing	linguistic	_
103-0	BO095	103	ma	ma	ma	CCONJ	_	linguistic	_
103-1	BO095	103	che	che	che	PRON	PronType=Rel	linguistic	_
103-2	BO095	103	tra	tra	tra	ADP	_	linguistic	_
103-3	BO095	103	l'	l'	il	DET	Definite=Def|Number=Sing|PronType=Art	linguistic	_
103-4	BO095	103	altro	altro	altro	PRON	Gender=Masc|Number=Sing|PronType=Ind	linguistic	_
103-5	BO095	103	è	è	essere	AUX	Mood=Ind|Number=Sing|Person=3|Tense=Pres|VerbForm=Fin	linguistic	_
103-6	BO095	103	finito	finito	finire	VERB	Gender=Masc|Number=Sing|Tense=Past|VerbForm=Part	linguistic	_
103-7	BO095	103	tutti	tutti	tutto	PRON	Gender=Masc|Number=Plur|PronType=Ind	linguistic	_
103-8	BO095	103	tutto	tutto	tutto	PRON	Gender=Masc|Number=Sing|PronType=Ind	linguistic	_
103-9	BO095	103	i	i	il	DET	Definite=Def|Gender=Masc|Number=Plur|PronType=Art	linguistic	_
103-10	BO095	103	piatti,	piatti	piatto	NOUN	Gender=Masc|Number=Plur	linguistic	_
103-11	BO095	103	i	i	il	DET	Definite=Def|Gender=Masc|Number=Plur|PronType=Art	linguistic	_
103-12	BO095	103	tovaglioli,	tovaglioli	tovagliolo	NOUN	Gender=Masc|Number=Plur	linguistic	_
103-13	BO095	103	la	la	il	DET	Definite=Def|Gender=Fem|Number=Sing|PronType=Art	linguistic	_
103-14	BO095	103	carta	carta	carta	NOUN	Gender=Fem|Number=Sing	linguistic	_
103-15	BO095	103	igienica,	igienica	igienico	ADJ	Gender=Fem|Number=Sing	linguistic	_
104-0	BO095	104	il	il	il	DET	Definite=Def|Gender=Masc|Number=Sing|PronType=Art	linguistic	_
104-1	BO095	104	sapone	sapone	sapone	NOUN	Gender=Masc|Number=Sing	linguistic	_
104-2	BO095	104	che	che	che	SCONJ	_	linguistic	_
104-3	BO095	104	non	non	non	ADV	PronType=Neg	linguistic	_
104-4	BO095	104	c'	c'	ci	PRON	Clitic=Yes	linguistic	_
104-5	BO095	104	è	è	essere	VERB	Mood=Ind|Number=Sing|Person=3|Tense=Pres|VerbForm=Fin	linguistic	_
104-6	BO095	104	da	da	da	ADP	_	linguistic	_
104-7	BO095	104	una	una	uno	DET	Definite=Ind|Gender=Fem|Number=Sing|PronType=Art	linguistic	_
104-8	BO095	104	settimana	settimana	settimana	NOUN	Gender=Fem|Number=Sing	linguistic	_
104-9	BO095	104	tipo	tipo	tipo	NOUN	Gender=Masc|Number=Sing	linguistic	_
105-0	BO095	105	abbiamo	abbiamo	avere	AUX	Mood=Ind|Number=Plur|Person=1|Tense=Pres|VerbForm=Fin	linguistic	_
105-1	BO095	105	[usato	usato	usare	VERB	Gender=Masc|Number=Sing|Tense=Past|VerbForm=Part	linguistic	_
105-2	BO095	105	il	il	il	DET	Definite=Def|Gender=Masc|Number=Sing|PronType=Art	linguistic	_
105-3	BO095	105	bagnoschiuma]	bagnoschiuma	bagnoschiuma	NOUN	Gender=Masc|Number=Sing	linguistic	_
106-0	BO097	106	[usate	usate	usare	VERB	Mood=Imp|Number=Plur|Person=2|Tense=Pres|VerbForm=Fin	linguistic	_
106-1	BO097	106	la	la	il	DET	Definite=Def|Gender=Fem|Number=Sing|PronType=Art	linguistic	_
106-2	BO097	106	saponetta]	saponetta	saponetta	NOUN	Gender=Fem|Number=Sing	linguistic	_
106-3	BO097	106	se	se	se	SCONJ	_	linguistic	_
106-4	BO097	106	non	non	non	ADV	PronType=Neg	linguistic	_
106-5	BO097	106	[vi	vi	vi	PRON	Clitic=Yes|Number=Plur|Person=2|PronType=Prs	linguistic	_
106-6	BO097	106	schifa]	schifa	schifare	VERB	Mood=Ind|Number=Sing|Person=3|Tense=Pres|VerbForm=Fin	linguistic	_
107-0	BO095	107	[no	no	no	INTJ	_	linguistic	_
107-1	BO095	107	vabbè	vabbè	vabbè	INTJ	_	linguistic	_
107-2	BO095	107	no	no	no	INTJ	_	linguistic	_
107-3	BO095	107	ma],	ma	ma	CCONJ	_	linguistic	_
107-4	BO095	107	(.)	[PAUSE]	_	_	_	shortpause	_
107-5	BO095	107	schifare	schifare	schifare	VERB	VerbForm=Inf	linguistic	_
107-6	BO095	107	no	no	no	INTJ	_	linguistic	_
107-7	BO095	107	però	però	però	CCONJ	_	linguistic	_
107-8	BO095	107	[xxx]	x	x	X	_	unknown	_
108-0	BO097	108	[no	no	no	INTJ	_	linguistic	_
108-1	BO097	108	vabbè	vabbè	vabbè	INTJ	_	linguistic	_
108-2	BO097	108	ma	ma	ma	CCONJ	_	linguistic	_
108-3	BO097	108	è	è	essere	AUX	Mood=Ind|Number=Sing|Person=3|Tense=Pres|VerbForm=Fin	linguistic	_
108-4	BO097	108	un	un	uno	DET	Definite=Ind|Gender=Masc|Number=Sing|PronType=Art	linguistic	_
108-5	BO097	108	po'	po'	poco	ADV	_	linguistic	_
108-6	BO097	108	particola]re	particolare	particolare	ADJ	Number=Sing	linguistic	_
108-7	BO097	108	magari	magari	magari	ADV	_	linguistic	_
109-0	BO095	109	è	è	essere	AUX	Mood=Ind|Number=Sing|Person=3|Tense=Pres|VerbForm=Fin	linguistic	_
109-1	BO095	109	un	un	uno	DET	Definite=Ind|Gender=Masc|Number=Sing|PronType=Art	linguistic	_
109-2	BO095	109	po'	po'	poco	ADV	_	linguistic	_
109-3	BO095	109	particolare?	particolare	particolare	ADJ	Number=Sing	linguistic	_
110-0	BO097	110	sì:	sì	sì	INTJ	_	linguistic	_
110-1	BO097	110	tipo	tipo	tipo	NOUN	Gender=Masc|Number=Sing	linguistic	_
110-2	BO097	110	sapone	sapone	sapone	NOUN	Gender=Masc|Number=Sing	linguistic	_
110-3	BO097	110	di	di	di	ADP	_	linguistic	_
110-4	BO097	110	aleppo	aleppo	Aleppo	PROPN	_	linguistic	_
111-0	BO097	111	cioè::	cioè	cioè	CCONJ	_	linguistic	_
112-0	BO097	112	ha	ha	avere	VERB	Mood=Ind|Number=Sing|Person=3|Tense=Pres|VerbForm=Fin	linguistic	_
112-1	BO097	112	un	un	uno	DET	Definite=Ind|Gender=Masc|Number=Sing|PronType=Art	linguistic	_
112-2	BO097	112	odore::	odore	odore	NOUN	Gender=Masc|Number=Sing	linguistic	_
112-3	BO097	112	non	non	non	ADV	PronType=Neg	linguistic	_
112-4	BO097	112	è	è	essere	AUX	Mood=Ind|Number=Sing|Person=3|Tense=Pres|VerbForm=Fin	linguistic	_
112-5	BO097	112	il	il	il	DET	Definite=Def|Gender=Masc|Number=Sing|PronType=Art	linguistic	_
112-6	BO097	112	classico	classico	classico	ADJ	Gender=Masc|Number=Sing	linguistic	_
112-7	BO097	112	sapone	sapone	sapone	NOUN	Gender=Masc|Number=Sing	linguistic	_
112-8	BO097	112	di	di	di	ADP	_	linguistic	_
112-9	BO097	112	marsiglia	marsiglia	marsiglia	PROPN	_	linguistic	_
113-0	BO095	113	xxxx	x	x	X	_	unknown	_
113-1	BO095	113	[xx]	x	x	X	_	unknown	_
114-0	BO097	114	[comunque	comunque	comunque	ADV	_	linguistic	_
114-1	BO097	114	se]	se	se	SCONJ	_	linguistic	_
114-2	BO097	114	vi	vi	vi	PRON	Clitic=Yes|Number=Plur|Person=2|PronType=Prs	linguistic	_
114-3	BO097	114	capita	capita	capitare	VERB	Mood=Ind|Number=Sing|Person=3|Tense=Pres|VerbForm=Fin	linguistic	_
114-4	BO097	114	di	di	di	ADP	_	linguistic	_
114-5	BO097	114	dover	dover	dovere	AUX	VerbForm=Inf	linguistic	_
114-6	BO097	114	lavare	lavare	lavare	VERB	VerbForm=Inf	linguistic	_
114-7	BO097	114	i	i	il	DET	Definite=Def|Gender=Masc|Number=Plur|PronType=Art	linguistic	_
114-8	BO097	114	panni	panni	panno	NOUN	Gender=Masc|Number=Plur	linguistic	_
115-0	BO095	115	ti	ti	ti	PRON	Clitic=Yes|Number=Sing|Person=2|PronType=Prs	linguistic	_
115-1	BO095	115	ringrazio	ringrazio	ringraziare	VERB	Mood=Ind|Number=Sing|Person=1|Tense=Pres|VerbForm=Fin	linguistic	_
115-2	BO095	115	per	per	per	ADP	_	linguistic	_
115-3	BO095	115	l'	l'	il	DET	Definite=Def|Number=Sing|PronType=Art	linguistic	_
115-4	BO095	115	offerta	offerta	offerta	NOUN	Gender=Fem|Number=Sing	linguistic	_
115-5	BO095	115	però	però	però	CCONJ	_	linguistic	_
115-6	BO095	115	non	non	non	ADV	PronType=Neg	linguistic	_
115-7	BO095	115	è	è	essere	AUX	Mood=Ind|Number=Sing|Person=3|Tense=Pres|VerbForm=Fin	linguistic	_
115-8	BO095	115	necessario	necessario	necessario	ADJ	Gender=Masc|Number=Sing	linguistic	_
116-0	BO097	116	dai	dai	dare	INTJ	_	linguistic	_
116-1	BO097	116	dai	dai	dare	INTJ	_	linguistic	_
116-2	BO097	116	che	che	che	PRON	PronType=Rel	linguistic	_
116-3	BO097	116	è	è	essere	AUX	Mood=Ind|Number=Sing|Person=3|Tense=Pres|VerbForm=Fin	linguistic	_
116-4	BO097	116	bello	bello	bello	ADJ	Gender=Masc|Number=Sing	linguistic	_
116-5	BO097	116	andare	andare	andare	VERB	VerbForm=Inf	linguistic	_
116-6	BO097	116	a	a	a	ADP	_	linguistic	_
116-7	BO097	116	fare	fare	fare	VERB	VerbForm=Inf	linguistic	_
116-8	BO097	116	la	la	il	DET	Definite=Def|Gender=Fem|Number=Sing|PronType=Art	linguistic	_
116-9	BO097	116	spesa	spesa	spesa	NOUN	Gender=Fem|Number=Sing	linguistic	_
116-10	BO097	116	a	a	a	ADP	_	linguistic	_
116-11	BO097	116	me	me	me	PRON	Number=Sing|Person=1|PronType=Prs	linguistic	_
116-12	BO097	116	piace	piace	piacere	VERB	Mood=Ind|Number=Sing|Person=3|Tense=Pres|VerbForm=Fin	linguistic	_
117-0	BO095	117	allora	allora	allora	ADV	_	linguistic	_
117-1	BO095	117	a	a	a	ADP	_	linguistic	_
117-2	BO095	117	me	me	me	PRON	Number=Sing|Person=1|PronType=Prs	linguistic	_
117-3	BO095	117	piace	piace	piacere	VERB	Mood=Ind|Number=Sing|Person=3|Tense=Pres|VerbForm=Fin	linguistic	_
117-4	BO095	117	pure	pure	pure	ADV	_	linguistic	_
117-5	BO095	117	però	però	però	CCONJ	_	linguistic	_
117-6	BO095	117	non	non	non	ADV	PronType=Neg	linguistic	_
117-7	BO095	117	mi	mi	mi	PRON	Clitic=Yes|Number=Sing|Person=1|PronType=Prs	linguistic	_
117-8	BO095	117	piace	piace	piacere	VERB	Mood=Ind|Number=Sing|Person=3|Tense=Pres|VerbForm=Fin	linguistic	_
117-9	BO095	117	il	il	il	DET	Definite=Def|Gender=Masc|Number=Sing|PronType=Art	linguistic	_
117-10	BO095	117	pensiero	pensiero	pensiero	NOUN	Gender=Masc|Number=Sing	linguistic	_
117-11	BO095	117	di	di	di	ADP	_	linguistic	_
117-12	BO095	117	andare	andare	andare	VERB	VerbForm=Inf	linguistic	_
117-13	BO095	117	a	a	a	ADP	_	linguistic	_
117-14	BO095	117	fare	fare	fare	VERB	VerbForm=Inf	linguistic	_
117-15	BO095	117	la	la	il	DET	Definite=Def|Gender=Fem|Number=Sing|PronType=Art	linguistic	_
117-16	BO095	117	spesa	spesa	spesa	NOUN	Gender=Fem|Number=Sing	linguistic	_
118-0	BO095	118	poi	poi	poi	ADV	_	linguistic	_
118-1	BO095	118	però	però	però	CCONJ	_	linguistic	_
118-2	BO095	118	finisco	finisco	finire	VERB	Mood=Ind|Number=Sing|Person=1|Tense=Pres|VerbForm=Fin	linguistic	_
118-3	BO095	118	sempre	sempre	sempre	ADV	_	linguistic	_
118-4	BO095	118	per	per	per	ADP	_	linguistic	_
118-5	BO095	118	comprare	comprare	comprare	VERB	VerbForm=Inf	linguistic	_
118-6	BO095	118	schifezze	schifezze	schifezza	NOUN	Gender=Fem|Number=Plur	linguistic	_
118-7	BO095	118	e	e	e	CCONJ	_	linguistic	_
118-8	BO095	118	non	non	non	ADV	PronType=Neg	linguistic	_
118-9	BO095	118	voglio	voglio	volere	AUX	Mood=Ind|Number=Sing|Person=1|Tense=Pres|VerbForm=Fin	linguistic	_
118-10	BO095	118	comprare	comprare	comprare	VERB	VerbForm=Inf	linguistic	_
118-11	BO095	118	schifezze	schifezze	schifezza	NOUN	Gender=Fem|Number=Plur	linguistic	_
118-12	BO095	118	perciò	perciò	perciò	SCONJ	_	linguistic	_
119-0	BO097	119	sì	sì	sì	INTJ	_	linguistic	_
119-1	BO097	119	anche	anche	anche	ADV	_	linguistic	_
119-2	BO097	119	io	io	io	PRON	Number=Sing|Person=1|PronType=Prs	linguistic	_
119-3	BO097	119	so	so	essere	VERB	Mood=Ind|Number=Sing|Person=1|Tense=Pres|VerbForm=Fin	linguistic	_
119-4	BO097	119	un	un	uno	DET	Definite=Ind|Gender=Masc|Number=Sing|PronType=Art	linguistic	_
119-5	BO097	119	po'	po'	poco	ADV	_	linguistic	_
119-6	BO097	119	indecisa	indecisa	indeciso	ADJ	Gender=Fem|Number=Sing	linguistic	_
119-7	BO097	119	su	su	su	ADP	_	linguistic	_
119-8	BO097	119	come	come	come	SCONJ	_	linguistic	_
119-9	BO097	119	farla	farla	_	_	_	linguistic	_
119-9a	_	_	_	far	fare	VERB	VerbForm=Inf	syntactic	_
119-9b	_	_	_	la	la	PRON	Clitic=Yes|Gender=Fem|Number=Sing|Person=3|PronType=Prs	syntactic	_
120-0	BO097	120	perché	perché	perché	SCONJ	_	linguistic	_
120-1	BO097	120	in	in	in	ADP	_	linguistic	_
120-2	BO097	120	questi	questi	questo	DET	Gender=Masc|Number=Plur|PronType=Dem	linguistic	_
120-3	BO097	120	giorni	giorni	giorno	NOUN	Gender=Masc|Number=Plur	linguistic	_
120-4	BO097	120	ho	ho	avere	AUX	Mood=Ind|Number=Sing|Person=1|Tense=Pres|VerbForm=Fin	linguistic	_
120-5	BO097	120	mangiato,	mangiato	mangiare	VERB	Gender=Masc|Number=Sing|Tense=Past|VerbForm=Part	linguistic	_
121-0	BO097	121	in	in	in	ADP	_	linguistic	_
121-1	BO097	121	una	una	uno	DET	Definite=Ind|Gender=Fem|Number=Sing|PronType=Art	linguistic	_
121-2	BO097	121	maniera	maniera	maniera	NOUN	Gender=Fem|Number=Sing	linguistic	_
121-3	BO097	121	molto::	molto	molto	ADV	_	linguistic	_
122-0	BO097	122	tipo	tipo	tipo	NOUN	Gender=Masc|Number=Sing	linguistic	_
122-1	BO097	122	angoscia	angoscia	angoscia	NOUN	Gender=Fem|Number=Sing	linguistic	_
122-2	BO097	122	tipo	tipo	tipo	NOUN	Gender=Masc|Number=Sing	linguistic	_
122-3	BO097	122	mangiare	mangiare	mangiare	VERB	VerbForm=Inf	linguistic	_
122-4	BO097	122	così	così	così	ADV	_	linguistic	_
123-0	BO097	123	a	a	a	ADP	_	linguistic	_
123-1	BO097	123	caso	caso	caso	NOUN	Gender=Masc|Number=Sing	linguistic	_
123-2	BO097	123	no?	no	no	INTJ	_	linguistic	_
124-0	BO095	124	uno	uno	uno	DET	Definite=Ind|Gender=Masc|Number=Sing|PronType=Art	linguistic	_
124-1	BO095	124	stress	stress	stress	NOUN	Gender=Masc	linguistic	_
124-2	BO095	124	così	così	così	ADV	_	linguistic	_
125-0	BO097	125	esatto	esatto	esatto	ADV	_	linguistic	_
126-0	BO097	126	e::	e	e	CCONJ	_	linguistic	_
127-0	BO097	127	e	e	e	CCONJ	_	linguistic	_
127-1	BO097	127	non	non	non	ADV	PronType=Neg	linguistic	_
127-2	BO097	127	so	so	sapere	VERB	Mood=Ind|Number=Sing|Person=1|Tense=Pres|VerbForm=Fin	linguistic	_
127-3	BO097	127	se	se	se	SCONJ	_	linguistic	_
127-4	BO097	127	non	non	non	ADV	PronType=Neg	linguistic	_
127-5	BO097	127	comprare	comprare	comprare	VERB	VerbForm=Inf	linguistic	_
127-6	BO097	127	le	le	il	DET	Definite=Def|Gender=Fem|Number=Plur|PronType=Art	linguistic	_
127-7	BO097	127	cose	cose	cosa	NOUN	Gender=Fem|Number=Plur	linguistic	_
127-8	BO097	127	punto	punto	punto	NOUN	Gender=Masc|Number=Sing	linguistic	_
128-0	BO097	128	e	e	e	CCONJ	_	linguistic	_
128-1	BO097	128	poi	poi	poi	ADV	_	linguistic	_
128-2	BO097	128	frustrarmi	frustrarmi	_	_	_	linguistic	_
128-2a	BO097	128	_	frustrare	frustrare	VERB	VerbForm=Inf	syntactic
128-2b	BO097	128	_	mi	me	PRON	_	syntactic
128-3	BO097	128	perché	perché	perché	SCONJ	_	linguistic	_
128-4	BO097	128	non	non	non	ADV	PronType=Neg	linguistic	_
128-5	BO097	128	ce	ce	ce	PRON	Clitic=Yes	linguistic	_
128-6	BO097	128	le	le	le	PRON	Clitic=Yes|Gender=Fem|Number=Sing|Person=3|PronType=Prs	linguistic	_
128-7	BO097	128	ho	ho	avere	VERB	Mood=Ind|Number=Sing|Person=1|Tense=Pres|VerbForm=Fin	linguistic	_
129-0	BO097	129	oppure	oppure	oppure	CCONJ	_	linguistic	_
129-1	BO097	129	non	non	non	ADV	PronType=Neg	linguistic	_
129-2	BO097	129	lo	lo	lo	PRON	Clitic=Yes|Gender=Masc|Number=Sing|Person=3|PronType=Prs	linguistic	_
129-3	BO097	129	so	so	sapere	VERB	Mood=Ind|Number=Sing|Person=1|Tense=Pres|VerbForm=Fin	linguistic	_
129-4	BO097	129	se::	se	se	SCONJ	_	linguistic	_
129-5	BO097	129	comprare	comprare	comprare	VERB	VerbForm=Inf	linguistic	_
129-6	BO097	129	qualcosa	qualcosa	qualcosa	PRON	Gender=Masc|Number=Sing|PronType=Ind	linguistic	_
129-7	BO097	129	di::	di	di	ADP	_	linguistic	_
130-0	BO097	130	leggero?	leggero	leggero	ADJ	Gender=Masc|Number=Sing	linguistic	_
131-0	BO095	131	io	io	io	PRON	Number=Sing|Person=1|PronType=Prs	linguistic	_
131-1	BO095	131	credo	credo	credere	VERB	Mood=Ind|Number=Sing|Person=1|Tense=Pres|VerbForm=Fin	linguistic	_
131-2	BO095	131	sia	sia	essere	AUX	Mood=Sub|Number=Sing|Person=3|Tense=Pres|VerbForm=Fin	linguistic	_
131-3	BO095	131	meglio	meglio	meglio	ADV	_	linguistic	_
131-4	BO095	131	quello	quello	quello	PRON	Gender=Masc|Number=Sing|PronType=Dem	linguistic	_
131-5	BO095	131	poi	poi	poi	ADV	_	linguistic	_
131-6	BO095	131	magari	magari	magari	ADV	_	linguistic	_
131-7	BO095	131	se:::	se	se	SCONJ	_	linguistic	_
132-0	BO095	132	se	se	se	SCONJ	_	linguistic	_
132-1	BO095	132	piano	piano	piano	ADV	_	linguistic	_
132-2	BO095	132	piano	piano	piano	ADV	_	linguistic	_
132-3	BO095	132	riesci	riesci	riuscire	VERB	Mood=Ind|Number=Sing|Person=2|Tense=Pres|VerbForm=Fin	linguistic	_
132-4	BO095	132	a	a	a	ADP	_	linguistic	_
132-5	BO095	132	smettere	smettere	smettere	VERB	VerbForm=Inf	linguistic	_
132-6	BO095	132	suppongo	suppongo	supporre	VERB	Mood=Ind|Number=Sing|Person=1|Tense=Pres|VerbForm=Fin	linguistic	_
132-7	BO095	132	sia	sia	essere	AUX	Mood=Sub|Number=Sing|Person=3|Tense=Pres|VerbForm=Fin	linguistic	_
132-8	BO095	132	una	una	uno	DET	Definite=Ind|Gender=Fem|Number=Sing|PronType=Art	linguistic	_
132-9	BO095	132	cosa	cosa	cosa	NOUN	Gender=Fem|Number=Sing	linguistic	_
132-10	BO095	132	migliore	migliore	migliore	ADJ	Degree=Cmp|Number=Sing	linguistic	_
132-11	BO095	132	io	io	io	PRON	Number=Sing|Person=1|PronType=Prs	linguistic	_
132-12	BO095	132	però	però	però	CCONJ	_	linguistic	_
132-13	BO095	132	non	non	non	ADV	PronType=Neg	linguistic	_
132-14	BO095	132	so	so	sapere	VERB	Mood=Ind|Number=Sing|Person=1|Tense=Pres|VerbForm=Fin	linguistic	_
132-15	BO095	132	cosa	cosa	cosa	PRON	PronType=Int	linguistic	_
132-16	BO095	132	prendere	prendere	prendere	VERB	VerbForm=Inf	linguistic	_
132-17	BO095	132	di	di	di	ADP	_	linguistic	_
132-18	BO095	132	leggero	leggero	leggero	ADJ	Gender=Masc|Number=Sing	linguistic	_
133-0	BO097	133	eh	eh	eh	INTJ	_	linguistic	_
133-1	BO097	133	anche	anche	anche	ADV	_	linguistic	_
133-2	BO097	133	io	io	io	PRON	Number=Sing|Person=1|PronType=Prs	linguistic	_
133-3	BO097	133	dovrò	dovrò	dovere	AUX	Mood=Ind|Number=Sing|Person=1|Tense=Fut|VerbForm=Fin	linguistic	_
133-4	BO097	133	fare	fare	fare	VERB	VerbForm=Inf	linguistic	_
133-5	BO097	133	un	un	uno	DET	Definite=Ind|Gender=Masc|Number=Sing|PronType=Art	linguistic	_
133-6	BO097	133	xxx	x	x	X	_	unknown	_
133-7	BO097	133	di	di	di	ADP	_	linguistic	_
133-8	BO097	133	sforzi	sforzi	sforzo	NOUN	Gender=Masc|Number=Plur	linguistic	_
134-0	BO095	134	((ride))	[LAUGH]	_	X	_	nonverbalbehavior	laugh
135-0	BO095	135	sperando	sperando	sperare	VERB	VerbForm=Ger	linguistic	_
135-1	BO095	135	che	che	che	SCONJ	_	linguistic	_
135-2	BO095	135	abbiano	abbiano	avere	VERB	Mood=Sub|Number=Plur|Person=3|Tense=Pres|VerbForm=Fin	linguistic	_
135-3	BO095	135	cachimela	cachimela	cacomela	NOUN	Gender=Masc|Number=Plur	linguistic	_
135-4	BO095	135	decenti	decenti	decente	ADJ	Number=Plur	linguistic	_
135-5	BO095	135	alla	alla	_	_	_	linguistic	_
135-5a	_	_	_	a	a	ADP	_	syntactic	_
135-5b	_	_	_	la	il	DET	Definite=Def|Gender=Fem|Number=Sing|PronType=Art	syntactic	_
135-6	BO095	135	coop	coop	Coop	PROPN	_	linguistic	_
135-7	BO095	135	perché	perché	perché	SCONJ	_	linguistic	_
135-8	BO095	135	ogni	ogni	ogni	DET	Number=Sing|PronType=Ind	linguistic	_
135-9	BO095	135	volta	volta	volta	NOUN	Gender=Fem|Number=Sing	linguistic	_
135-10	BO095	135	mamma	mamma	mamma	NOUN	Gender=Fem|Number=Sing	linguistic	_
135-11	BO095	135	mia	mia	mio	ADJ	Gender=Fem|Number=Sing|Poss=Yes|PronType=Prs	linguistic	_
135-12	BO095	135	me	me	me	PRON	Clitic=Yes|Number=Sing|Person=1|PronType=Prs	linguistic	_
135-13	BO095	135	li	li	li	PRON	Clitic=Yes|Gender=Masc|Number=Plur|Person=3|PronType=Prs	linguistic	_
135-14	BO095	135	giro	giro	girare	VERB	Mood=Ind|Number=Sing|Person=1|Tense=Pres|VerbForm=Fin	linguistic	_
135-15	BO095	135	tutti,	tutti	tutti	PRON	Gender=Masc|Number=Plur|PronType=Ind	linguistic	_
136-0	BO097	136	((ride))	[LAUGH]	_	X	_	nonverbalbehavior	laugh
137-0	BO097	137	eva	eva	Eva	PROPN	_	linguistic	_
137-1	BO097	137	tu	tu	tu	PRON	Number=Sing|Person=2|PronType=Prs	linguistic	_
137-2	BO097	137	sai	sai	sapere	VERB	Mood=Ind|Number=Sing|Person=2|Tense=Pres|VerbForm=Fin	linguistic	_
137-3	BO097	137	per	per	per	ADP	_	linguistic	_
137-4	BO097	137	caso	caso	caso	NOUN	Gender=Masc|Number=Sing	linguistic	_
137-5	BO097	137	che	che	che	SCONJ	_	linguistic	_
137-6	BO097	137	cos'	cos'	cos'	PRON	PronType=Int	linguistic	_
137-7	BO097	137	è?	è	essere	AUX	Mood=Ind|Number=Sing|Person=3|Tense=Pres|VerbForm=Fin	linguistic	_
138-0	BO097	138	e:h	eh	eh	INTJ	_	linguistic	_
138-1	BO097	138	una	una	uno	DET	Definite=Ind|Gender=Fem|Number=Sing|PronType=Art	linguistic	_
138-2	BO097	138	cosa	cosa	cosa	NOUN	Gender=Fem|Number=Sing	linguistic	_
138-3	BO097	138	che	che	che	PRON	PronType=Rel	linguistic	_
138-4	BO097	138	si	si	si	PRON	Clitic=Yes|Person=3|PronType=Prs	linguistic	_
138-5	BO097	138	chiama	chiama	chiamare	VERB	Mood=Ind|Number=Sing|Person=3|Tense=Pres|VerbForm=Fin	linguistic	_
138-6	BO097	138	hera?	hera	Hera	PROPN	_	linguistic	_
138-7	BO097	138	xxx?	xxx	x	X	_	linguistic	_
139-0	BO097	139	qui	qui	qui	ADV	_	linguistic	_
139-1	BO097	139	a	a	a	ADP	_	linguistic	_
139-2	BO097	139	bologna?	bologna	Bologna	PROPN	_	linguistic	_
140-0	BO095	140	m::h	mh	mh	INTJ	_	linguistic	_
140-1	BO095	140	sì	sì	sì	INTJ	_	linguistic	_
140-2	BO095	140	è::	è	essere	AUX	Mood=Ind|Number=Sing|Person=3|Tense=Pres|VerbForm=Fin	linguistic	_
140-3	BO095	140	l'	l'	il	DET	Definite=Def|Number=Sing|PronType=Art	linguistic	_
140-4	BO095	140	azienda	azienda	azienda	NOUN	Gender=Fem|Number=Sing	linguistic	_
140-5	BO095	140	che	che	che	PRON	PronType=Rel	linguistic	_
140-6	BO095	140	distribuisce	distribuisce	distribuire	VERB	Mood=Ind|Number=Sing|Person=3|Tense=Pres|VerbForm=Fin	linguistic	_
140-7	BO095	140	gas	gas	gas	NOUN	Gender=Masc	linguistic	_
140-8	BO095	140	e	e	e	CCONJ	_	linguistic	_
140-9	BO095	140	luce	luce	luce	NOUN	Gender=Fem|Number=Sing	linguistic	_
140-10	BO095	140	(.)	[PAUSE]	_	_	_	shortpause	_
140-11	BO095	140	anche	anche	anche	ADV	_	linguistic	_
140-12	BO095	140	quella	quella	quello	PRON	Gender=Fem|Number=Sing|PronType=Dem	linguistic	_
140-13	BO095	140	a	a	a	ADP	_	linguistic	_
140-14	BO095	140	cui	cui	cui	PRON	PronType=Rel	linguistic	_
140-15	BO095	140	siamo	siamo	essere	AUX	Mood=Ind|Number=Plur|Person=1|Tense=Pres|VerbForm=Fin	linguistic	_
140-16	BO095	140	registrate	registrate	registrare	VERB	Gender=Fem|Number=Plur|Tense=Past|VerbForm=Part	linguistic	_
140-17	BO095	140	noi	noi	noi	PRON	Number=Plur|Person=1|PronType=Prs	linguistic	_
141-0	BO097	141	okay	okay	okay	INTJ	_	linguistic	_
142-0	BO097	142	la	la	la	PRON	Clitic=Yes|Gender=Fem|Number=Sing|Person=3|PronType=Prs	linguistic	_
142-1	BO097	142	vedo	vedo	vedere	VERB	Mood=Ind|Number=Sing|Person=1|Tense=Pres|VerbForm=Fin	linguistic	_
142-2	BO097	142	dappertutto	dappertutto	dappertutto	ADV	_	linguistic	_
143-0	BO097	143	ho	ho	avere	AUX	Mood=Ind|Number=Sing|Person=1|Tense=Pres|VerbForm=Fin	linguistic	_
143-1	BO097	143	visto	visto	vedere	VERB	Gender=Masc|Number=Sing|Tense=Past|VerbForm=Part	linguistic	_
143-2	BO097	143	una	una	uno	DET	Definite=Ind|Gender=Fem|Number=Sing|PronType=Art	linguistic	_
143-3	BO097	143	scritta	scritta	scritta	NOUN	Gender=Fem|Number=Sing	linguistic	_
143-4	BO097	143	su	su	su	ADP	_	linguistic	_
143-5	BO097	143	un	un	uno	DET	Definite=Ind|Gender=Masc|Number=Sing|PronType=Art	linguistic	_
143-6	BO097	143	muro	muro	muro	NOUN	Gender=Masc|Number=Sing	linguistic	_
143-7	BO097	143	con	con	con	ADP	_	linguistic	_
143-8	BO097	143	scritto	scritto	scrivere	VERB	Gender=Masc|Number=Sing|Tense=Past|VerbForm=Part	linguistic	_
143-9	BO097	143	hera	hera	Hera	PROPN	_	linguistic	_
143-10	BO097	143	ti	ti	ti	PRON	Clitic=Yes|Number=Sing|Person=2|PronType=Prs	linguistic	_
143-11	BO097	143	uccide	uccide	uccidere	VERB	Mood=Ind|Number=Sing|Person=3|Tense=Pres|VerbForm=Fin	linguistic	_
144-0	BO097	144	cioè	cioè	cioè	CCONJ	_	linguistic	_
144-1	BO097	144	di	di	di	ADP	_	linguistic	_
144-2	BO097	144	quelle:::	quelle	quello	PRON	Gender=Fem|Number=Plur|PronType=Dem	linguistic	_
145-0	BO095	145	((ride))	[LAUGH]	_	X	_	nonverbalbehavior	laugh
146-0	BO097	146	xxxx	x	x	X	_	unknown	_
146-1	BO097	146	[di:::]::	di	di	ADP	_	linguistic	_
147-0	BO095	147	[un	un	uno	DET	Definite=Ind|Gender=Masc|Number=Sing|PronType=Art	linguistic	_
147-1	BO095	147	po']	po'	poco	ADV	_	linguistic	_
148-0	BO097	148	sui:::	sui	_	_	_	linguistic	_
148-0a	_	_	_	su	su	ADP	_	syntactic	_
148-0b	_	_	_	i	il	DET	Definite=Def|Gender=Masc|Number=Plur|PronType=Art	syntactic	_
148-1	BO097	148	cestini:::	cestini	cesto	NOUN	Gender=Masc|Number=Plur	linguistic	_
148-2	BO097	148	dell'	dell'	_	_	_	linguistic	_
148-2a	_	_	_	di	di	ADP	_	syntactic	_
148-2b	_	_	_	l'	il	DET	Definite=Def|Number=Sing|PronType=Art	syntactic	_
148-3	BO097	148	università,	università	università	NOUN	Gender=Fem	linguistic	_
149-0	BO095	149	sì	sì	sì	INTJ	_	linguistic	_
149-1	BO095	149	pro[babilmente	probabilmente	probabilmente	ADV	_	linguistic	_
149-2	BO095	149	si	si	si	PRON	Clitic=Yes|Person=3|PronType=Prs	linguistic	_
149-3	BO095	149	occupano	occupano	occupare	VERB	Mood=Ind|Number=Plur|Person=3|Tense=Pres|VerbForm=Fin	linguistic	_
149-4	BO095	149	pure	pure	pure	ADV	_	linguistic	_
149-5	BO095	149	di]:::	di	di	ADP	_	linguistic	_
149-6	BO095	149	quello	quello	quello	PRON	Gender=Masc|Number=Sing|PronType=Dem	linguistic	_
150-0	BO097	150	[quelli	quelli	quello	PRON	Gender=Masc|Number=Plur|PronType=Dem	linguistic	_
150-1	BO097	150	della	della	_	_	_	linguistic	_
150-1a	_	_	_	di	di	ADP	_	syntactic	_
150-1b	_	_	_	la	il	DET	Definite=Def|Gender=Fem|Number=Sing|PronType=Art	syntactic	_
150-2	BO097	150	differenziata],	differenziata	differenziata	ADJ	Gender=Fem|Number=Sing	linguistic	_
151-0	BO097	151	e	e	e	CCONJ	_	linguistic	_
151-1	BO097	151	poi::	poi	poi	ADV	_	linguistic	_
151-2	BO097	151	di~	di~	di~	X	_	linguistic	_
151-3	BO097	151	dal	dal	_	_	_	linguistic	_
151-3a	_	_	_	da	da	ADP	_	syntactic	_
151-3b	_	_	_	il	il	DET	Definite=Def|Gender=Masc|Number=Sing|PronType=Art	syntactic	_
151-4	BO097	151	ponte	ponte	ponte	NOUN	Gender=Masc|Number=Sing	linguistic	_
151-5	BO097	151	di	di	di	ADP	_	linguistic	_
151-6	BO097	151	stalingrado:,	stalingrado	Stalingrado	PROPN	_	linguistic	_
152-0	BO097	152	c'	c'	ci	PRON	Clitic=Yes	linguistic	_
152-1	BO097	152	è	è	essere	VERB	Mood=Ind|Number=Sing|Person=3|Tense=Pres|VerbForm=Fin	linguistic	_
152-2	BO097	152	una	una	uno	DET	Definite=Ind|Gender=Fem|Number=Sing|PronType=Art	linguistic	_
152-3	BO097	152	specie	specie	specie	NOUN	Gender=Fem	linguistic	_
152-4	BO097	152	di	di	di	ADP	_	linguistic	_
152-5	BO097	152	fabbricato,	fabbricato	fabbricato	NOUN	Gender=Masc|Number=Sing	linguistic	_
153-0	BO095	153	mh	mh	mh	INTJ	_	linguistic	_
153-1	BO095	153	mh,	mh	mh	INTJ	_	linguistic	_
154-0	BO097	154	ci	ci	ci	PRON	Clitic=Yes	linguistic	_
154-1	BO097	154	sono	sono	essere	AUX	Mood=Ind|Number=Sing|Person=1|Tense=Pres|VerbForm=Fin	linguistic	_
154-2	BO097	154	passata	passata	passare	VERB	Gender=Fem|Number=Sing|Tense=Past|VerbForm=Part	linguistic	_
154-3	BO097	154	ieri	ieri	ieri	ADV	_	linguistic	_
154-4	BO097	154	sera	sera	sera	NOUN	Gender=Fem|Number=Sing	linguistic	_
154-5	BO097	154	e	e	e	CCONJ	_	linguistic	_
154-6	BO097	154	ho	ho	avere	AUX	Mood=Ind|Number=Sing|Person=1|Tense=Pres|VerbForm=Fin	linguistic	_
154-7	BO097	154	visto	visto	vedere	VERB	Gender=Masc|Number=Sing|Tense=Past|VerbForm=Part	linguistic	_
154-8	BO097	154	che	che	che	SCONJ	_	linguistic	_
154-9	BO097	154	buttava	buttava	buttare	VERB	Mood=Ind|Number=Sing|Person=3|Tense=Imp|VerbForm=Fin	linguistic	_
154-10	BO097	154	fuori	fuori	fuori	ADV	_	linguistic	_
154-11	BO097	154	fumo	fumo	fumo	NOUN	Gender=Masc|Number=Sing	linguistic	_
155-0	BO097	155	ho	ho	avere	AUX	Mood=Ind|Number=Sing|Person=1|Tense=Pres|VerbForm=Fin	linguistic	_
155-1	BO097	155	pensato	pensato	pensare	VERB	Gender=Masc|Number=Sing|Tense=Past|VerbForm=Part	linguistic	_
155-2	BO097	155	che	che	che	PRON	PronType=Int	linguistic	_
155-3	BO097	155	roba	roba	roba	NOUN	Gender=Fem|Number=Sing	linguistic	_
155-4	BO097	155	è	è	essere	VERB	Mood=Ind|Number=Sing|Person=3|Tense=Pres|VerbForm=Fin	linguistic	_
155-5	BO097	155	che	che	che	SCONJ	_	linguistic	_
155-6	BO097	155	un	un	uno	DET	Definite=Ind|Gender=Masc|Number=Sing|PronType=Art	linguistic	_
155-7	BO097	155	butta	butta	buttare	VERB	Mood=Ind|Number=Sing|Person=3|Tense=Pres|VerbForm=Fin	linguistic	_
155-8	BO097	155	fuori	fuori	fuori	ADV	_	linguistic	_
155-9	BO097	155	fumo	fumo	fumo	NOUN	Gender=Masc|Number=Sing	linguistic	_
155-10	BO097	155	in	in	in	ADP	_	linguistic	_
155-11	BO097	155	città?	città	città	NOUN	Gender=Fem	linguistic	_
156-0	BO097	156	okay	okay	okay	INTJ	_	linguistic	_
156-1	BO097	156	quindi	quindi	quindi	ADV	_	linguistic	_
156-2	BO097	156	è	è	essere	VERB	Mood=Ind|Number=Sing|Person=3|Tense=Pres|VerbForm=Fin	linguistic	_
156-3	BO097	156	una	una	uno	DET	Definite=Ind|Gender=Fem|Number=Sing|PronType=Art	linguistic	_
156-4	BO097	156	cosa	cosa	cosa	NOUN	Gender=Fem|Number=Sing	linguistic	_
156-5	BO097	156	dell'	dell'	_	_	_	linguistic	_
156-5a	_	_	_	di	di	ADP	_	syntactic	_
156-5b	_	_	_	l'	il	DET	Definite=Def|Number=Sing|PronType=Art	syntactic	_
156-6	BO097	156	energia	energia	energia	NOUN	Gender=Fem|Number=Sing	linguistic	_
156-7	BO097	156	diciamo	diciamo	dire	VERB	Mood=Ind|Number=Plur|Person=1|Tense=Pres|VerbForm=Fin	linguistic	_
157-0	BO095	157	mh	mh	mh	INTJ	_	linguistic	_
157-1	BO095	157	mh	mh	mh	INTJ	_	linguistic	_
157-2	BO095	157	e	e	e	CCONJ	_	linguistic	_
157-3	BO095	157	dove	dove	dove	ADV	_	linguistic	_
157-4	BO095	157	l'	l'	il	PRON	Clitic=Yes|Number=Sing|Person=3|PronType=Prs	linguistic	_
157-5	BO095	157	hai	hai	avere	AUX	Mood=Ind|Number=Sing|Person=2|Tense=Pres|VerbForm=Fin	linguistic	_
157-6	BO095	157	visto	visto	vedere	VERB	Gender=Masc|Number=Sing|Tense=Past|VerbForm=Part	linguistic	_
157-7	BO095	157	questo::?	questo	questo	DET	Gender=Masc|Number=Sing|PronType=Dem	linguistic	_
158-0	BO097	158	dove	dove	dove	ADV	_	linguistic	_
158-1	BO097	158	c'	c'	ci	PRON	Clitic=Yes	linguistic	_
158-2	BO097	158	è	è	essere	VERB	Mood=Ind|Number=Sing|Person=3|Tense=Pres|VerbForm=Fin	linguistic	_
158-3	BO097	158	il	il	il	DET	Definite=Def|Gender=Masc|Number=Sing|PronType=Art	linguistic	_
158-4	BO097	158	ponte	ponte	ponte	NOUN	Gender=Masc|Number=Sing	linguistic	_
158-5	BO097	158	di	di	di	ADP	_	linguistic	_
158-6	BO097	158	stalingrado	stalingrado	Stalingrado	PROPN	_	linguistic	_
158-7	BO097	158	proprio	proprio	proprio	ADV	_	linguistic	_
159-0	BO097	159	sai	sai	sapere	VERB	Mood=Ind|Number=Sing|Person=2|Tense=Pres|VerbForm=Fin	linguistic	_
159-1	BO097	159	che	che	che	SCONJ	_	linguistic	_
159-2	BO097	159	c'	c'	ci	PRON	Clitic=Yes	linguistic	_
159-3	BO097	159	è::::	è	essere	VERB	Mood=Ind|Number=Sing|Person=3|Tense=Pres|VerbForm=Fin	linguistic	_
159-4	BO097	159	ehm	ehm	ehm	INTJ	_	linguistic	_
160-0	BO097	160	a:::hm	ahm	ahm	INTJ	_	linguistic	_
161-0	BO097	161	c'	c'	ci	PRON	Clitic=Yes	linguistic	_
161-1	BO097	161	è	è	essere	VERB	Mood=Ind|Number=Sing|Person=3|Tense=Pres|VerbForm=Fin	linguistic	_
161-2	BO097	161	tipo	tipo	tipo	NOUN	Gender=Masc|Number=Sing	linguistic	_
161-3	BO097	161	una	una	uno	DET	Definite=Ind|Gender=Fem|Number=Sing|PronType=Art	linguistic	_
161-4	BO097	161	fabbrica	fabbrica	fabbrica	NOUN	Gender=Fem|Number=Sing	linguistic	_
161-5	BO097	161	abbandonata	abbandonata	abbandonato	ADJ	Gender=Fem|Number=Sing	linguistic	_
161-6	BO097	161	di	di	di	ADP	_	linguistic	_
161-7	BO097	161	fianco	fianco	fianco	NOUN	Gender=Masc|Number=Sing	linguistic	_
162-0	BO097	162	da	da	da	ADP	_	linguistic	_
162-1	BO097	162	una	una	uno	DET	Definite=Ind|Gender=Fem|Number=Sing|PronType=Art	linguistic	_
162-2	BO097	162	parte	parte	parte	NOUN	Gender=Fem|Number=Sing	linguistic	_
162-3	BO097	162	non	non	non	ADV	PronType=Neg	linguistic	_
162-4	BO097	162	dalla	dalla	_	_	_	linguistic	_
162-4a	_	_	_	da	da	ADP	_	syntactic	_
162-4b	_	_	_	la	il	DET	Definite=Def|Gender=Fem|Number=Sing|PronType=Art	syntactic	_
162-5	BO097	162	parte	parte	parte	NOUN	Gender=Fem|Number=Sing	linguistic	_
162-6	BO097	162	della	della	_	_	_	linguistic	_
162-6a	_	_	_	di	di	ADP	_	syntactic	_
162-6b	_	_	_	la	il	DET	Definite=Def|Gender=Fem|Number=Sing|PronType=Art	syntactic	_
162-7	BO097	162	stazione	stazione	stazione	NOUN	Gender=Fem|Number=Sing	linguistic	_
162-8	BO097	162	ma	ma	ma	CCONJ	_	linguistic	_
162-9	BO097	162	dall'	dall'	_	_	_	linguistic	_
162-9a	_	_	_	da	da	ADP	_	syntactic	_
162-9b	_	_	_	l'	il	DET	Definite=Def|Number=Sing|PronType=Art	syntactic	_
162-10	BO097	162	altra,	altra	altro	PRON	Gender=Fem|Number=Sing|PronType=Ind	linguistic	_
163-0	BO097	163	e:::	e	e	CCONJ	_	linguistic	_
164-0	BO095	164	sì	sì	sì	INTJ	_	linguistic	_
164-1	BO095	164	sì	sì	sì	INTJ	_	linguistic	_
165-0	BO097	165	e	e	e	CCONJ	_	linguistic	_
165-1	BO097	165	di	di	di	ADP	_	linguistic	_
165-2	BO097	165	fianco	fianco	fianco	NOUN	Gender=Masc|Number=Sing	linguistic	_
165-3	BO097	165	c'	c'	ci	PRON	Clitic=Yes	linguistic	_
165-4	BO097	165	era	era	essere	VERB	Mood=Ind|Number=Sing|Person=3|Tense=Imp|VerbForm=Fin	linguistic	_
165-5	BO097	165	una	una	uno	DET	Definite=Ind|Gender=Fem|Number=Sing|PronType=Art	linguistic	_
165-6	BO097	165	specie	specie	specie	NOUN	Gender=Fem	linguistic	_
165-7	BO097	165	[di::::]	di	di	ADP	_	linguistic	_
166-0	BO095	166	[che	che	che	SCONJ	_	linguistic	_
166-1	BO095	166	do]po	dopo	dopo	ADV	_	linguistic	_
166-2	BO095	166	un	un	uno	DET	Definite=Ind|Gender=Masc|Number=Sing|PronType=Art	linguistic	_
166-3	BO095	166	po'	po'	poco	ADV	_	linguistic	_
166-4	BO095	166	c'	c'	ci	PRON	Clitic=Yes	linguistic	_
166-5	BO095	166	è	è	essere	VERB	Mood=Ind|Number=Sing|Person=3|Tense=Pres|VerbForm=Fin	linguistic	_
166-6	BO095	166	la	la	il	DET	Definite=Def|Gender=Fem|Number=Sing|PronType=Art	linguistic	_
166-7	BO095	166	piazzetta	piazzetta	piazza	NOUN	Gender=Fem|Number=Sing	linguistic	_
166-8	BO095	166	quella	quella	quello	PRON	Gender=Fem|Number=Sing|PronType=Dem	linguistic	_
166-9	BO095	166	dedicata	dedicata	dedicare	VERB	Gender=Fem|Number=Sing|Tense=Past|VerbForm=Part	linguistic	_
166-10	BO095	166	alla	alla	_	_	_	linguistic	_
166-10a	_	_	_	a	a	ADP	_	syntactic	_
166-10b	_	_	_	la	il	DET	Definite=Def|Gender=Fem|Number=Sing|PronType=Art	syntactic	_
166-11	BO095	166	shoa	shoa	Shoa	NOUN	Gender=Fem	linguistic	_
166-12	BO095	166	mi	mi	mi	PRON	Clitic=Yes|Number=Sing|Person=1|PronType=Prs	linguistic	_
166-13	BO095	166	pare	pare	parere	VERB	Mood=Ind|Number=Sing|Person=3|Tense=Pres|VerbForm=Fin	linguistic	_
166-14	BO095	166	non	non	non	ADV	PronType=Neg	linguistic	_
166-15	BO095	166	so	so	sapere	VERB	Mood=Ind|Number=Sing|Person=1|Tense=Pres|VerbForm=Fin	linguistic	_
166-16	BO095	166	se	se	se	SCONJ	_	linguistic	_
166-17	BO095	166	ce	ce	ce	PRON	Clitic=Yes	linguistic	_
166-18	BO095	166	l'	l'	lo	PRON	Clitic=Yes|Number=Sing|Person=3|PronType=Prs	linguistic	_
166-19	BO095	166	hai	hai	avere	VERB	Mood=Ind|Number=Sing|Person=2|Tense=Pres|VerbForm=Fin	linguistic	_
166-20	BO095	166	pres[ente]?	presente	presente	ADJ	Number=Sing	linguistic	_
167-0	BO097	167	[no]	no	no	INTJ	_	linguistic	_
167-1	BO097	167	non	non	non	ADV	PronType=Neg	linguistic	_
167-2	BO097	167	ho	ho	avere	AUX	Mood=Ind|Number=Sing|Person=1|Tense=Pres|VerbForm=Fin	linguistic	_
167-3	BO097	167	presente,	presente	presente	ADJ	Number=Sing	linguistic	_
168-0	BO095	169	[è	è	essere	AUX	Mood=Ind|Number=Sing|Person=3|Tense=Pres|VerbForm=Fin	linguistic	_
168-1	BO095	169	vicino	vicino	vicino	ADV	_	linguistic	_
168-2	BO095	169	a	a	a	ADP	_	linguistic	_
168-3	BO095	169	una	una	uno	DET	Definite=Ind|Gender=Fem|Number=Sing|PronType=Art	linguistic	_
168-4	BO095	169	specie	specie	specie	NOUN	Gender=Fem	linguistic	_
168-5	BO095	169	di	di	di	ADP	_	linguistic	_
168-6	BO095	169	po]nte	ponte	ponte	NOUN	Gender=Masc|Number=Sing	linguistic	_
168-7	BO095	169	diciamo	diciamo	dire	VERB	Mood=Ind|Number=Plur|Person=1|Tense=Pres|VerbForm=Fin	linguistic	_
169-0	BO097	168	[però	però	però	CCONJ	_	linguistic	_
169-1	BO097	168	può	può	potere	AUX	Mood=Ind|Number=Sing|Person=3|Tense=Pres|VerbForm=Fin	linguistic	_
169-2	BO097	168	darsi]	darsi	_	_	_	linguistic	_
169-2a	_	_	_	dar	dare	VERB	VerbForm=Inf	syntactic	_
169-2b	_	_	_	si	si	PRON	Clitic=Yes|Person=3|PronType=Prs	syntactic	_
170-0	BO095	170	no	no	no	INTJ	_	linguistic	_
170-1	BO095	170	una	una	uno	DET	Definite=Ind|Gender=Fem|Number=Sing|PronType=Art	linguistic	_
170-2	BO095	170	specie	specie	specie	NOUN	Gender=Fem	linguistic	_
170-3	BO095	170	è	è	essere	AUX	Mood=Ind|Number=Sing|Person=3|Tense=Pres|VerbForm=Fin	linguistic	_
170-4	BO095	170	un	un	uno	DET	Definite=Ind|Gender=Masc|Number=Sing|PronType=Art	linguistic	_
170-5	BO095	170	ponte	ponte	ponte	NOUN	Gender=Masc|Number=Sing	linguistic	_
171-0	BO097	171	comunque	comunque	comunque	ADV	_	linguistic	_
171-1	BO097	171	vabbè	vabbè	vabbè	INTJ	_	linguistic	_
172-0	BO097	172	va	va	andare	VERB	Mood=Ind|Number=Sing|Person=3|Tense=Pres|VerbForm=Fin	linguistic	_
172-1	BO097	172	bene	bene	bene	ADV	_	linguistic	_
172-2	BO097	172	grazie	grazie	grazie	INTJ	_	linguistic	_
172-3	BO097	172	per	per	per	ADP	_	linguistic	_
172-4	BO097	172	questa	questa	questo	DET	Gender=Fem|Number=Sing|PronType=Dem	linguistic	_
173-0	BO097	173	informazione	informazione	informazione	NOUN	Gender=Fem|Number=Sing	linguistic	_
174-0	BO095	174	mhmh	mhmh	mhmh	INTJ	_	linguistic	_
175-0	BO095	175	niente	niente	niente	PRON	_	linguistic	_
175-1	BO095	175	volevo	volevo	volere	AUX	Mood=Ind|Number=Sing|Person=1|Tense=Imp|VerbForm=Fin	linguistic	_
175-2	BO095	175	vedere	vedere	vedere	VERB	VerbForm=Inf	linguistic	_
175-3	BO095	175	se	se	se	SCONJ	_	linguistic	_
175-4	BO095	175	riesco	riesco	riuscire	VERB	Mood=Ind|Number=Sing|Person=1|Tense=Pres|VerbForm=Fin	linguistic	_
175-5	BO095	175	ad	ad	a	ADP	_	linguistic	_
175-6	BO095	175	inviare	inviare	inviare	VERB	VerbForm=Inf	linguistic	_
175-7	BO095	175	delle	delle	_	_	_	linguistic	_
175-7a	_	_	_	di	di	ADP	_	syntactic	_
175-7b	_	_	_	le	il	DET	Definite=Def|Gender=Fem|Number=Plur|PronType=Art	syntactic	_
175-8	BO095	175	cose	cose	cosa	NOUN	Gender=Fem|Number=Plur	linguistic	_
175-9	BO095	175	per	per	per	ADP	_	linguistic	_
175-10	BO095	175	farle	farle	_	_	_	linguistic	_
175-10a	_	_	_	far	fare	VERB	VerbForm=Inf	syntactic	_
175-10b	_	_	_	le	le	PRON	Clitic=Yes|Gender=Fem|Number=Sing|Person=3|PronType=Prs	syntactic	_
175-11	BO095	175	stampare	stampare	stampare	VERB	VerbForm=Inf	linguistic	_
175-12	BO095	175	qui	qui	qui	ADV	_	linguistic	_
175-13	BO095	175	ma::	ma	ma	CCONJ	_	linguistic	_
176-0	BO095	176	niente	niente	niente	PRON	_	linguistic	_
176-1	BO095	176	non	non	non	ADV	PronType=Neg	linguistic	_
177-0	BO095	177	non	non	non	ADV	PronType=Neg	linguistic	_
177-1	BO095	177	c'	c'	ci	PRON	Clitic=Yes	linguistic	_
177-2	BO095	177	ho	ho	avere	VERB	Mood=Ind|Number=Sing|Person=1|Tense=Pres|VerbForm=Fin	linguistic	_
177-3	BO095	177	la	la	il	DET	Definite=Def|Gender=Fem|Number=Sing|PronType=Art	linguistic	_
177-4	BO095	177	testa	testa	testa	NOUN	Gender=Fem|Number=Sing	linguistic	_
178-0	BO097	178	xxxx	x	x	X	_	unknown	_
179-0	BO097	179	xxx[x]x?	xxxxx	xxx	X	_	linguistic	_
180-0	BO095	180	[no::]	no	no	INTJ	_	linguistic	_
181-0	BO095	181	no	no	no	INTJ	_	linguistic	_
181-1	BO095	181	non	non	non	ADV	PronType=Neg	linguistic	_
181-2	BO095	181	è	è	essere	AUX	Mood=Ind|Number=Sing|Person=3|Tense=Pres|VerbForm=Fin	linguistic	_
181-3	BO095	181	xx	x	x	X	_	unknown	_
181-4	BO095	181	per	per	per	ADP	_	linguistic	_
181-5	BO095	181	ritirarle	ritirarle	_	_	_	linguistic	_
181-5a	_	_	_	ritirar	ritirare	VERB	VerbForm=Inf	syntactic	_
181-5b	_	_	_	le	le	PRON	Clitic=Yes|Gender=Fem|Number=Sing|Person=3|PronType=Prs	syntactic	_
181-6	BO095	181	è	è	essere	VERB	Mood=Ind|Number=Sing|Person=3|Tense=Pres|VerbForm=Fin	linguistic	_
181-7	BO095	181	che::	che	che	SCONJ	_	linguistic	_
182-0	BO095	182	devo::	devo	dovere	AUX	Mood=Ind|Number=Sing|Person=1|Tense=Pres|VerbForm=Fin	linguistic	_
182-1	BO095	182	passare::	passare	passare	VERB	VerbForm=Inf	linguistic	_
182-2	BO095	182	i	i	il	DET	Definite=Def|Gender=Masc|Number=Plur|PronType=Art	linguistic	_
182-3	BO095	182	documenti	documenti	documento	NOUN	Gender=Masc|Number=Plur	linguistic	_
182-4	BO095	182	insomma	insomma	insomma	ADV	_	linguistic	_
182-5	BO095	182	dovrei	dovrei	dovere	AUX	Mood=Cnd|Number=Sing|Person=1|Tense=Pres|VerbForm=Fin	linguistic	_
182-6	BO095	182	inviare	inviare	inviare	VERB	VerbForm=Inf	linguistic	_
182-7	BO095	182	via	via	via	ADP	_	linguistic	_
182-8	BO095	182	mail	mail	mail	NOUN	Gender=Fem	linguistic	_
182-9	BO095	182	dal	dal	_	_	_	linguistic	_
182-9a	_	_	_	da	da	ADP	_	syntactic	_
182-9b	_	_	_	il	il	DET	Definite=Def|Gender=Masc|Number=Sing|PronType=Art	syntactic	_
182-10	BO095	182	telefono	telefono	telefono	NOUN	Gender=Masc|Number=Sing	linguistic	_
182-11	BO095	182	al	al	_	_	_	linguistic	_
182-11a	_	_	_	a	a	ADP	_	syntactic	_
182-11b	_	_	_	il	il	DET	Definite=Def|Gender=Masc|Number=Sing|PronType=Art	syntactic	_
182-12	BO095	182	tablet	tablet	tablet	NOUN	Gender=Masc	linguistic	_
182-13	BO095	182	poi	poi	poi	ADV	_	linguistic	_
182-14	BO095	182	dal	dal	_	_	_	linguistic	_
182-14a	_	_	_	da	da	ADP	_	syntactic	_
182-14b	_	_	_	il	il	DET	Definite=Def|Gender=Masc|Number=Sing|PronType=Art	syntactic	_
182-15	BO095	182	dal	dal	_	_	_	linguistic	_
182-15a	_	_	_	da	da	ADP	_	syntactic	_
182-15b	_	_	_	il	il	DET	Definite=Def|Gender=Masc|Number=Sing|PronType=Art	syntactic	_
182-16	BO095	182	tablet	tablet	tablet	NOUN	Gender=Masc|Number=Plur	linguistic	_
182-17	BO095	182	devo	devo	dovere	AUX	Mood=Ind|Number=Sing|Person=1|Tense=Pres|VerbForm=Fin	linguistic	_
182-18	BO095	182	inviare	inviare	inviare	VERB	VerbForm=Inf	linguistic	_
182-19	BO095	182	la	la	il	DET	Definite=Def|Gender=Fem|Number=Sing|PronType=Art	linguistic	_
182-20	BO095	182	mail	mail	mail	NOUN	Gender=Fem	linguistic	_
182-21	BO095	182	non	non	non	ADV	PronType=Neg	linguistic	_
182-22	BO095	182	lo	lo	lo	PRON	Clitic=Yes|Gender=Masc|Number=Sing|Person=3|PronType=Prs	linguistic	_
182-23	BO095	182	so	so	sapere	VERB	Mood=Ind|Number=Sing|Person=1|Tense=Pres|VerbForm=Fin	linguistic	_
183-0	BO095	183	nella	nella	_	_	_	linguistic	_
183-0a	_	_	_	in	in	ADP	_	syntactic	_
183-0b	_	_	_	la	il	DET	Definite=Def|Gender=Fem|Number=Sing|PronType=Art	syntactic	_
183-1	BO095	183	mia	mia	mio	ADJ	Gender=Fem|Number=Sing|Poss=Yes|PronType=Prs	linguistic	_
183-2	BO095	183	testa	testa	testa	NOUN	Gender=Fem|Number=Sing	linguistic	_
183-3	BO095	183	è	è	essere	AUX	Mood=Ind|Number=Sing|Person=3|Tense=Pres|VerbForm=Fin	linguistic	_
183-4	BO095	183	troppo	troppo	troppo	ADV	_	linguistic	_
183-5	BO095	183	ta[rdi]	tardi	tardi	ADV	_	linguistic	_
184-0	BO097	184	[xx]xx	x	x	X	_	unknown	_
184-1	BO097	184	mandare	mandare	mandare	VERB	VerbForm=Inf	linguistic	_
184-2	BO097	184	la	la	il	DET	Definite=Def|Gender=Fem|Number=Sing|PronType=Art	linguistic	_
184-3	BO097	184	mail	mail	mail	NOUN	Gender=Fem	linguistic	_
184-4	BO097	184	anche	anche	anche	ADV	_	linguistic	_
184-5	BO097	184	dal	dal	_	_	_	linguistic	_
184-5a	_	_	_	da	da	ADP	_	syntactic	_
184-5b	_	_	_	il	il	DET	Definite=Def|Gender=Masc|Number=Sing|PronType=Art	syntactic	_
184-6	BO097	184	cellulare	cellulare	cellulare	NOUN	Gender=Masc|Number=Sing	linguistic	_
184-7	BO097	184	no?	no	no	INTJ	_	linguistic	_
185-0	BO095	185	come?	come	come	ADP	_	linguistic	_
186-0	BO097	186	dal	dal	_	_	_	linguistic	_
186-0a	_	_	_	da	da	ADP	_	syntactic	_
186-0b	_	_	_	il	il	DET	Definite=Def|Gender=Masc|Number=Sing|PronType=Art	syntactic	_
186-1	BO097	186	cellulare	cellulare	cellulare	NOUN	Gender=Masc|Number=Sing	linguistic	_
186-2	BO097	186	non	non	non	ADV	PronType=Neg	linguistic	_
186-3	BO097	186	riesci	riesci	riuscire	VERB	Mood=Ind|Number=Sing|Person=2|Tense=Pres|VerbForm=Fin	linguistic	_
186-4	BO097	186	a	a	a	ADP	_	linguistic	_
186-5	BO097	186	mandare	mandare	mandare	VERB	VerbForm=Inf	linguistic	_
186-6	BO097	186	la	la	il	DET	Definite=Def|Gender=Fem|Number=Sing|PronType=Art	linguistic	_
186-7	BO097	186	mail?	mail	mail	NOUN	Gender=Masc	linguistic	_
187-0	BO095	187	oh	oh	oh	INTJ	_	linguistic	_
187-1	BO095	187	hai	hai	avere	VERB	Mood=Ind|Number=Sing|Person=2|Tense=Pres|VerbForm=Fin	linguistic	_
187-2	BO095	187	ragione	ragione	ragione	NOUN	Gender=Fem|Number=Sing	linguistic	_
188-0	BO095	188	effettivamente	effettivamente	effettivamente	ADV	_	linguistic	_
188-1	BO095	188	hai	hai	avere	VERB	Mood=Ind|Number=Sing|Person=2|Tense=Pres|VerbForm=Fin	linguistic	_
188-2	BO095	188	ragione	ragione	ragione	NOUN	Gender=Fem|Number=Sing	linguistic	_
189-0	BO097	189	così	così	così	ADV	_	linguistic	_
189-1	BO097	189	fai	fai	fare	VERB	Mood=Ind|Number=Sing|Person=2|Tense=Pres|VerbForm=Fin	linguistic	_
189-2	BO097	189	un	un	uno	DET	Definite=Ind|Gender=Masc|Number=Sing|PronType=Art	linguistic	_
189-3	BO097	189	passaggio	passaggio	passaggio	NOUN	Gender=Masc|Number=Sing	linguistic	_
189-4	BO097	189	in	in	in	ADP	_	linguistic	_
189-5	BO097	189	meno	meno	meno	ADV	_	linguistic	_
190-0	BO097	190	cioè	cioè	cioè	CCONJ	_	linguistic	_
190-1	BO097	190	se	se	se	SCONJ	_	linguistic	_
190-2	BO097	190	tanto	tanto	tanto	ADV	_	linguistic	_
190-3	BO097	190	i	i	il	DET	Definite=Def|Gender=Masc|Number=Plur|PronType=Art	linguistic	_
190-4	BO097	190	documenti	documenti	documento	NOUN	Gender=Masc|Number=Plur	linguistic	_
190-5	BO097	190	ce	ce	ce	PRON	Clitic=Yes	linguistic	_
190-6	BO097	190	[l'	l'	lo	PRON	Clitic=Yes|Number=Sing|Person=3|PronType=Prs	linguistic	_
190-7	BO097	190	hai	hai	avere	VERB	Mood=Ind|Number=Sing|Person=2|Tense=Pres|VerbForm=Fin	linguistic	_
190-8	BO097	190	xxx]	x	x	X	_	unknown	_
191-0	BO095	191	[no	no	no	INTJ	_	linguistic	_
191-1	BO095	191	sì	sì	sì	INTJ	_	linguistic	_
191-2	BO095	191	ma	ma	ma	CCONJ	_	linguistic	_
191-3	BO095	191	asso]lutamente	assolutamente	assolutamente	ADV	_	linguistic	_
191-4	BO095	191	non	non	non	ADV	PronType=Neg	linguistic	_
191-5	BO095	191	capisco	capisco	capire	VERB	Mood=Ind|Number=Sing|Person=1|Tense=Pres|VerbForm=Fin	linguistic	_
191-6	BO095	191	perché	perché	perché	SCONJ	_	linguistic	_
191-7	BO095	191	non	non	non	ADV	PronType=Neg	linguistic	_
191-8	BO095	191	c'	c'	ci	PRON	Clitic=Yes	linguistic	_
191-9	BO095	191	ho	ho	avere	AUX	Mood=Ind|Number=Sing|Person=1|Tense=Pres|VerbForm=Fin	linguistic	_
191-10	BO095	191	pensato	pensato	pensare	VERB	Gender=Masc|Number=Sing|Tense=Past|VerbForm=Part	linguistic	_
192-0	BO097	192	va	va	andare	VERB	Mood=Ind|Number=Sing|Person=3|Tense=Pres|VerbForm=Fin	linguistic	_
192-1	BO097	192	bene	bene	bene	ADV	_	linguistic	_
192-2	BO097	192	allora,	allora	allora	ADV	_	linguistic	_
193-0	BO097	193	a	a	a	ADP	_	linguistic	_
193-1	BO097	193	dopo	dopo	dopo	ADV	_	linguistic	_
194-0	BO097	194	vado	vado	andare	VERB	Mood=Ind|Number=Sing|Person=1|Tense=Pres|VerbForm=Fin	linguistic	_
194-1	BO097	194	a	a	a	ADP	_	linguistic	_
194-2	BO097	194	fare	fare	fare	VERB	VerbForm=Inf	linguistic	_
194-3	BO097	194	la	la	il	DET	Definite=Def|Gender=Fem|Number=Sing|PronType=Art	linguistic	_
194-4	BO097	194	ceretta	ceretta	ceretta	NOUN	Gender=Fem|Number=Sing	linguistic	_
195-0	BO095	195	in	in	in	ADP	_	linguistic	_
195-1	BO095	195	bocca	bocca	bocca	NOUN	Gender=Fem|Number=Sing	linguistic	_
195-2	BO095	195	al	al	_	_	_	linguistic	_
195-2a	_	_	_	a	a	ADP	_	syntactic	_
195-2b	_	_	_	il	il	DET	Definite=Def|Gender=Masc|Number=Sing|PronType=Art	syntactic	_
195-3	BO095	195	lupo	lupo	lupo	NOUN	Gender=Masc|Number=Sing	linguistic	_
196-0	BO097	196	felicità	felicità	felicità	NOUN	Gender=Fem	linguistic	_
